전통주명,도수,규격,주원료,제조사
입장탁주,7,750ml,국내산 쌀,(농) 입장주조㈜
톡 한잔 소주,30,500ml,"국내산 보리, 쌀",(농)(유)대마주조
자연담은 복분자막걸리,6,360ml,"국내산 복분자(고창), 정제수",(농)국순당고창명주㈜
로얄 안동소주,45,"600ml, 800ml",국내산 쌀,(농)유토피아㈜
지란지교,17,500ml,"찹쌀,멥쌀,전통누룩(밀),정제수",(유)친구들의 술 지란지교
지란지교 무화과 탁주,12,500ml,"찹쌀, 멥쌀(국내산), 전통누룩(국내산 밀), 정제수, 무화과청, 레드비트분말, 밀함유",(유)친구들의술지란지교
지란지교 약주,17,"375ml, 500ml","찹쌀, 멥쌀(국내산), 전통누룩(국내산 밀), 정제수, 밀함유",(유)친구들의술지란지교
꽃 와인,11.5,"375ml, 750ml",포도(92%(안동 청수 100%)),264청포도 와이너리
인사이더 블루베리,3,330ml,"사과, 정제수, 효모, 설탕, 블루베리, 구연산(산도조절제), 합성향료(블루베리향),베리류색소,이산화탄소",가나다라브루어리
로제사이더 오미한잔,4.5,500ml,"사과즙(국내산),건조오미자(국내산), 이산화탄소, 효모, 소브산칼륨, 메타중아황산칼륨",가나다라브루어리
가야 프리미엄 막걸리,6,750ml,김해 쌀(100%),가야양조장
님 그리다,6,750ml,"찹쌀, 멥쌀, 누룩(밀)",가야양조장
포엠 로제와인,12,750ml,"포도, 설탕, 효모, 메타중아황산나트륨, 소르빈산칼륨",갈기산농업회사
포엠 화이트와인,12,750ml,"포도, 백설탕, 효모",갈기산농업회사
로제와인,12,550ml,포도(국내산),갈기산포도농원
모리,19,375ml,"정제수, 보리증류원액",강산명주
연희유자,10,375ml,"멥쌀, 찹쌀, 유자",같이양조장
연희장미,10,375ml,"정제수, 멥쌀, 찹쌀, 누룩, 장미",같이양조장
연희민트,9,375ml,"정제수, 멥쌀, 찹쌀, 누룩(밀함유), 민트",같이양조장
연희매화,12,375ml,"찹쌀, 누룩, 정제수, 매화",같이양조장
산내울 사과애주,16,750ml,"사과, 설탕, 주정, 정제수, 과당",거창사과원예농협
산내울 복분자주,16,750ml,"복분자, 설탕, 주정, 정제수, 과당",거창사과원예농협
장수홍삼주,25,750ml,국내산 인삼,경원리큐르
계룡백일주 40%,40,600ml,"찹쌀, 백미, 누룩, 재래종국화꽃, 오미자, 진달래, 재래종 솔잎",계룡백일주
장보고의 꿈 황칠약주,15,500ml,"정제수, 경기미햅쌀(국내산 멥쌀), 국, 효모 (밀함유)",고금주조장
완도유자막걸리,6,750ml,"정제수, 완도쌀,소맥분,입국,효모,정제효소,유자즙,",고금주조장
징기스칸,40,375ml,레드와인,고도리 와이너리
고도리 화이트와인 스위트,10.5,750ml,거봉포도(영천),고도리 와이너리
레드 와인 500,12,500ml,친환경 거봉 포도,고도리 와이너리
고도리 청수 와인,10.5,750ml,포도(청수),고도리 와이너리
고도리 레드와인 스위트,12,750ml,MBA 머루포도(영천),고도리 와이너리
고도리 화이트와인 드라이,10.5,750ml,거봉포도(영천),고도리 와이너리
고도리 복숭아와인,6.5,750ml,복숭아(경북 영천),고도리 와이너리
고도리 로제와인,12,"375ml, 750ml",거봉 포도,고도리 와이너리
고도리 아이스와인(아이스 375),12,375ml,,고도리 와이너리
고도리 샤인머스캣 화이트와인,10.5,"375ml, 750ml","샤인머스캣99%(국내산), 설탕, 효모, 소브산칼륨, 메타중아황산칼륨",고도리 와이너리
고도리 징기스칸 브랜디,40,375ml,,고도리 와이너리
고도리 아이스 와인 망고와인,12,375ml,mba머루포도 효모 메타중아황사 설탕,고도리 와이너리
고도리 프룬와인,11.5,375ml,"자두 99.585%, 설탕 0.4%, 효모 0.005%, 메타중아황산칼륨 0.005%, 솔빈산칼륨 0.005%",고도리 와이너리
꽃빛서리,17.2,360ml,"증류원액(백미, 생화20가지, 효모), 정제수, 주정, 결정과당, 구연산, L-아스파라긴산, 효소처리스테비아",고창서해안복분자주
고창선운산 땡큐블루베리주,13,300ml,"블루베리과실, 주정, 효모, 구연산, 정제수",고창선운산
쿨샷 7.5,7.5,300ml,"복분자과실, 주정, 효모, 구연산, 정제수",고창선운산
고창선운산 복분자주 특1호,15,1800ml,"복분자과실, 주정, 효모, 구연산, 정제수",고창선운산
고창선운산 땡큐복분자주,13,300ml,"복분자과실, 주정, 효모, 구연산, 정제수",고창선운산
동학 1957,13,"375ml, 700ml","국내산 쌀, 구연산, 효모, 젖산, 정제효소제, 국, 주정, 정제수",고헌정영농조합법인
골목막걸리 프리미엄 12,12,350ml,"정제수, 쌀(국내산), 국, 효모",골목양조장
과천미주,9,500ml,"정제수, 경기미햅쌀(국내산 멥쌀), 국, 효모 (밀함유)",과천도가
광양 생 막걸리 골드,5,750ml,"정제수, 쌀(국산100%), 입국(국산), 곡자(국산누룩), 아스파탐(감미료, 페닐알라닌 함유), 정제효소, 효모, 젖산, 액화효소",광양주조공사
광양 생 막걸리,5,750ml,"정제수, 쌀(국산100%), 입국(국산), 곡자(국산누룩), 아스파탐(감미료, 페닐알라닌 함유), 정제효소, 효모, 젖산, 액화효소",광양주조공사
경주교동법주,16,900ml,찹쌀(국내산),교동법주
구암대추막걸리,6,1000ml,"쌀, 대추",구암농산
아이싱 자몽,4,"350ml, 300ml","쌀, 자몽엑기스",국순당
국순당 생막걸리 대박,6,750ml,쌀,국순당
국순당 이화주,12.5,400ml,"이화누룩, 국내산쌀",국순당
옛날막걸리 古,8,750ml,"국내산쌀, 누룩",국순당
1000억 유산균 막걸리,5,750ml,"국내산쌀, 누룩",국순당
사시통음주,18,550ml,"쌀, 누룩, 밀가루",국순당
2017년 햅쌀로 빚은 첫술,7,750ml,국내산 햅쌀,국순당
려,25,"375ml, 500ml","쌀증류소주원액(여주산 쌀 100%), 정제수, 고구마증류소주원액(여주산 고구마 100%)",국순당
오디랑,13,330ml,"오디(국산) 18.2%, 정제수, 과당, 주정, 구연산, 효모",국순당고창명주㈜
명작복분자,13,375ml,복분자,국순당고창명주㈜
선운산의 아침 복분자 막걸리,6,750ml,"복분자, 쌀, 효모, 국, 과당, 구연산, 젖산, 정제수",국순당고창명주㈜
그랑꼬또 M56,12,750ml,포도,그린영농조합
그랑꼬또 로제와인,12,750ml,포도,그린영농조합
그랑꼬또 청수,12,750ml,포도,그린영농조합
그랑꼬또 레드와인,12,"750ml, 375ml",국내산 포도(캠벨얼리),그린영농조합
바랑 탁,15,375ml,"국내산 찹쌀, 국내산 멥쌀, 누룩, 소맥분, 정제수",금계당
별바랑,17.5,375ml,"국내산 찹쌀, 국내산 멥쌀, 누룩, 정제수",금계당
금산인삼주 12.5%,12.5,360ml,"국내산쌀 93.5%, 국내산인삼 6.5%",금산인삼주
명인 홍삼주,12.5,375ml,"쌀, 홍삼, 누룩, 정제수 등",금산인삼주
금설,35,375ml,"쌀(국내산)증류원액, 금박(순도97%), 기타과당",금산인삼주
미르아토 로제와인,12,750ml,켐벨포도 등,금용농산
미르아토 청수 스위트 (화이트)와인,12,750ml,,금용농산
미르아토 증류주 tears of god,40,200ml,포도 등,금용농산
사과와인,12,500ml,"사과(국내산), 백설탕, 효모, 메타중아황산칼륨",금이산농원
복숭아와인,12,500ml,"복숭아(국내산), 백설탕, 효모, 메타중아황산칼륨",금이산농원
금정산성막걸리,8,750ml,"백미, 밀(누룩), 정제수",금정산성 토산주
금풍양조,6.9,750ml,"정제수, 쌀(강화도), 국, 효모, 밀함유",금풍양조장
과하주23,23,"400ml, 700ml, 1000ml",쌀 100%,김천과하주
김천대학교 자두사랑 자두와인,12,750ml,피자두 (레드) / 후무사 (화이트),김천대학교 자두사랑
미생 막걸리,6,750ml,"국내산 쌀, 누룩, 효모, 정제효소, 정제수",김포금쌀탁주영농조합법인
선호 생막걸리,6,750ml,"국내산 쌀, 누룩, 효모, 정제효소, 천연감미료, 정제수",김포금쌀탁주영농조합법인
김포특주,15,375ml,"국내산 쌀, 효모, 정제효소,정제수, 프락토올리고당",김포금쌀탁주영농조합법인
한강의설레임,11,600ml,"쌀(김포산), 개량누룩, 효모, 정제수",김포도가두두
김포 막걸리,6,750ml,"쌀, 누룩, 정제수",김포양조
김포예주,13,750ml,"국내산 쌀, 옥전분",김포양조
김포별주,13,500ml,"쌀, 옥수수 전분, 국, 효모, 젖산, 효소제, 정제수",김포양조
김포약주,11,750ml,"옥수수 전분, 밀, 국, 효모, 젖산, 효소제, 정제수",김포양조
김포예주 프리미엄,13,750ml,"국내산 쌀, 국, 효모, 젖산, 정제수",김포양조
까메오 막걸리,6,550ml,"정제수, 쌀, 효모, 누룩, 과당 등",낙천
지장수 호박 생 막걸리,6,750ml,"정제수(지장수), 쌀, 효모, 누룩, 과당 등",낙천
지장수 호박막걸리,6,550ml,"정제수(지장수), 쌀, 효모, 누룩, 과당 등",낙천
낙천 옥수수 생동동주,5,1700ml,"정제수, 쌀, 옥수수분말, 치자, 입국, 효모, 올리고당, 정제효소, 아스파탐, 사카린나트륨, 밀함유",낙천 탁주제조장
열대야,9,750ml,"쌀. 찹쌀, 누룩, 망고, 레몬, 정제수, 밀함유",날씨양조장
정고집 나주배 약주 9%,9,500ml,"쌀, 쌀가루(국내산), 배착즙액(나주산), 정제효소제, 종국, 젖산, 효모",남도탁주
정고집 나주배 약주 15%,15,500ml,"쌀, 쌀가루(국내산), 배착즙액(나주산), 정제효소제, 종국, 젖산, 효모",남도탁주
남한산성소주,40,400ml,"쌀, 엿, 누룩",남한산성소주
남한산성소주 21,21,375ml,"쌀증류식소주원액{맵쌀백미(국내산), 쌀}, 조청{쌀(국내산), 엿기름(보리, 국내산), 누룩, 정제수}, 정재수",남한산성소주
강소주,50,"200ml, 1800ml","국내산 쌀, 정제수",내국양조
화주,25,375ml,"국내산 쌀, 홍삼농축액, 정제수",내국양조
송이주,13,375ml,"국내산 쌀, 송이농축액, 누룩, 정제수",내국양조
능이주,13,375ml,"국내산 쌀, 능이농축액, 누룩, 정제수",내국양조
별,20,375ml,"올벼찹쌀, 누룩, 효모, 젖산, 정제수",내국양조
하늘,45,375ml,"보리, 증류식소주원액, 조제종국, 정제수, 젖산, 효모, 구연산, 오크칩",내국양조
바람,20,375ml,"쌀, 증류식소주원액,정제주정, 정제수, 구연산",내국양조
시,13,375ml,"딸기, 설탕 효모, 구연산, 포도당, 오크칩",내국양조
줄포 생막걸리,6,750ml,국내산 쌀,내변산(동진주조)
맑은술 해밀,15,500ml,"쌀, 누룩, 정제수",내변산양조장
담진주,9,500ml,"경기미, 정제수, 우리밀누룩",내올담 양조장
담골드,12,"경기미, 정제수, 우리밀누룩",500ml,내올담 양조장
내장산 복분자주 지통1호,16,700ml,"복분자, 주정, 정제수, 설탕 등",내장산 복분자 영농조합
복분자주 360,16,360ml,"복분자, 주정, 정제수, 설탕 등",내장산 복분자 영농조합
노미,18,700ml,"국내산 찹쌀, 국내산 쌀",내촌주조
너브내스파클링사과와인,8.5,375ml,"사과, 배, 효모, 설탕, 아황산, 수크랄로스, 자일리톨",너브내와이너리
끌로너와 스위트와인,12,750ml,머루,너와마을영동조합
일지춘,15,"375ml, 500ml","철원오대쌀(국내산), 찹쌀(국내산), 누룩(국내산 밀), 정제수",노금주가
고흥유자주 봄에디션,8,500ml,"쌀, 입국, 누룩, 유자, 원당",녹동양조장
녹천 소곡화주 500ml,41,500ml,"찹쌀, 누룩, 백미, 정제수",녹천주조장
녹천 소곡화주 480ml,41,480ml,"찹쌀, 누룩, 백미 , 정제수",녹천주조장
일엽편주,38,375ml,"찹쌀, 멥쌀(국내산), 누룩, 정제수, 밀 함유",농암종택 전통주
일엽편주,12,750ml,"찹쌀, 멥쌀(국내산), 누룩, 정제수, 밀 함유",농암종택 전통주
일엽편주,15,375ml,"찹쌀, 멥쌀(국내산), 누룩, 정제수, 밀 함유",농암종택 전통주
달 1614 스위트와인,12,750ml,"머루(국내산), 포도(국내산), 설탕, 메타중아황산칼륨(산화방지제), 효모",농업회사 덕유
달홀진주25,25,375ml,"정제수 증류원액(쌀: 국내산), 국, 효모, 정제효소제",농업회사법인 달홀주조
달홀진주40,40,375ml,"정제수 증류원액(쌀: 국내산), 국, 효모, 정제효소제",농업회사법인 달홀주조
주향아라,55,500ml,"쌀, 국, 효모, 정제수",농업회사법인 담을
주향담을,41,500ml,"쌀, 국, 효모, 정제수",농업회사법인 담을
예화,13,750ml,"쌀, 누룩, 효모, 물엿, 정제수",농업회사법인 대윤가야곡주조㈜
오목대,5,"1,000ml","보리(국내산), 맥아(국내산), 말토텍스트린, 호프펠렛, 효모, 정제효소제, 정제수",농업회사법인 동문거리양조장㈜
삼선,10,500ml,"국내산쌀, 누룩, 정제수",농업회사법인 두루㈜
고타다이브,6,730ml,"물, 쌀(국내산), 국, 효모 밀함유",농업회사법인 두루㈜
맑은내일 유자,7,735ml,"정제수, 쌀, 입국[쌀], 주정, 유자과즙, 기타과당, 누룩[밀], 효모, 아밀라아제",농업회사법인 맑은내일 주식회사
밤빛머루,16.9,360ml,무주 머루,농업회사법인 산들벗㈜
오롯이 복숭아,9,375ml,"복숭아(국내산) 68%, 설탕, 효모, 이산화탄소, 구연산",농업회사법인 솔티마을
우주멜론미 스파클링 막걸리,5,300ml,"정제수, 멥쌀, 찹쌀, 멜론과즙, 누룩, 설탕, 밀함유",농업회사법인 시향가㈜
시향가,8,500ml,"물, 쌀(국내산), 건조토란(국내산), 국, 젖산, 효모, 밀",농업회사법인 시향가㈜
산막 생유 막걸리,6,750ml,"국내산 쌀, 소맥분, 종국, 효모",농업회사법인 신탄진주조㈜
하타,16,500ml,"쌀, 쌀입국, 효모, 정제수",농업회사법인 신탄진주조㈜
겨울소주45,45,360ml,"증류원액[쌀(국내산), 국, 효모, 효소] 100%",농업회사법인 아리랑주조㈜
연천 연주,12,500ml,"쌀(국내산), 누룩, 정제수",농업회사법인 연천양조㈜
연천 우주,22,360ml,"쌀(국내산), 누룩, 효모, 효소, 연천율무, 정제수",농업회사법인 연천양조㈜
연천 아주,8,750ml,"쌀(국내산), 누룩, 정제수",농업회사법인 연천양조㈜
율무 동동주,14,750ml,"쌀(국내산), 누룩, 효모, 연천 율무, 정제수",농업회사법인 연천양조㈜
김유정역,6,300ml,"쌀, 정제수, 밀누룩",농업회사법인 예술
오매백주,12,500ml,"쌀(국내산), 국, 효모, 정제수",농업회사법인 오산양조㈜
오산막걸리,6,500ml,"쌀(국내산), 국, 효모, 정제수",농업회사법인 오산양조㈜
맑은내일 Winery 단감명작,7%,750ml,"단감, 정제수, 설탕, 효소제, 무수구연산, 효모, 무수아황산(산화방지제), 소브산(보존료)",농업회사법인 우포의아침 주식회사
맑은내일 스파클링막걸리 Signature,6,970ml,"정제수, 맵쌀(국내산), 누룩, 정제효소, 아스파탐(합성감미료 / 페닐알라닌함유), 밀함유",농업회사법인 우포의아침 주식회사
맑은내일 발효막걸리 Signature,6.5,930ml,"정제수, 백미(국내산), 누룩, 정제효소, 아스파탐(합성감미료/페닐알라닌함유), 밀함유",농업회사법인 우포의아침 주식회사
사화정미소,12,480ml,"정제수, 찹쌀(국내산), 맵쌀(국내산), 쌀입국, 누룩, 효모, 정제효소, 밀함유",농업회사법인 우포의아침 주식회사
조선주조사,14,"300ml, 700ml","쌀(국내산), 입국, 누룩, 주정, 정제수",농업회사법인 우포의아침 주식회사
여유25,25,375ml,"증류원액(쌀 국내산 100%), 정제수",농업회사법인 유한회사 양촌양조
여유소주19,19,375ml,"증류원액(쌀: 국내산100%), 정제수",농업회사법인 유한회사 양촌양조
이상헌 소주,52,500ml,증류소주원액,농업회사법인 이가수불㈜
다랭이팜 유자 막걸리,6,750ml,"정제수, 유기농7분도쌀, 친환경유자원액, 혼합제과 누룩",농업회사법인 주식회사 다랭이팜
다랭이팜 생막걸리,6,750ml,"지하정제수, 9분도쌀, 찹쌀, 혼합제제 누룩,",농업회사법인 주식회사 다랭이팜
감천막걸리,6,750ml,"정제수, 멥쌀(국내산), 누룩, 효모, 밀함유",농업회사법인 주식회사 벗드림
화전일취 15,15,500ml,찹쌀(국내산) 멥쌀(국내산) 전통누룩(국내산 밀) 정제수,농업회사법인 주식회사 지시울
선비 진,48,375ml,"진증류원액, 찹쌀(국내산), 감귤(국내산)",농업회사법인 토끼소주㈜
선비 보드카,40,750ml,"정제수, 주정, 쌀증류식소주원액",농업회사법인 토끼소주㈜
토끼 소주,23,375ml,"정제수, 찹쌀, 누룩, 효모, 효소제\",농업회사법인 토끼소주㈜
냥이탁주 화이트,10.5,350ml,"정제수, 쌀, 누룩, 밀함유",농업회사법인 행주산성주가
지리산 강쇠,13,375ml,"정제수, 쌀, 누룩, 오가피, 산수유, 오미자, 정백당 ,구연산, 정제효소, 야관문",농업회사법인(유)술소리
주몽복분자주,16,375ml,"국내산 쌀, 국내산 복분자",농업회사법인(유)술소리
황진이주,13,375ml,"국내산 오미자, 국내산 산수유",농업회사법인(유)술소리
천마이야기 막걸리,6,750ml,"팽화미, 입국미, 무주천마분말, 오미자추출액",농업회사법인산들벗㈜
블루베리 이야기,12,375ml,"국내산 산머루 50%, 블루베리 50%",농업회사법인산들벗㈜
오마이갓스파클링,9,500ml,"정제수, 목련발효청, 쌀, 입국, 쌀보리, 고구마, 탄산가스, 누룩, 효모, 정제효소",농업회사법인송도향(유)
송도막걸리,6,700ml,"정제수, 쌀(국내산), 쌀보리(국내산), 고구마(국내산), 레몬, 자일리톨, 종국, 효모, 정제효소",농업회사법인송도향(유)
도원결의,15,375ml,"정제수, 쌀, 복숭아, 조효소제, 효모, 젖산, 정제효소제, 효소처리스테비아, 구연산, 복숭아향",농업회사법인영덕주조
해방주,18.8,375ml,해방풍연한잎(국내산),농업회사법인영덕주조
대대포 막걸리,6,750ml,"쌀, 벌꿀, 정제수, 정제효소, 스테비올배당체, 젖산, 종국, 효모",농업회사법인㈜담양죽향도가
도깨비술 11,11,750ml,"정제수, 쌀, 국,효모",농업회사법인㈜도깨비양조장
애석,15,500ml,"국내산쌀, 누룩, 정제수",농업회사법인㈜두루
진맥소주 22%,22,375ml,유기농 우리밀 100%,농업회사법인㈜밀과노닐다
볼빨간막걸리 10,10,500ml,"찹쌀(국내산), 누룩, 정제수",농업회사법인㈜벗드림
봉하쌀 생막걸리,6,750ml,"쌀(국내산), 정제효소, 젖산, 효모, 아스파탐, 정제수",농업회사법인㈜봉하마을
붉은진주 머루와인 드라이,12,750ml,"머루(99.965%), 무수아황산(산화방지제) 0.035%",농업회사법인㈜붉은진주
붉은진주 머루와인 스위트,12,750ml,"머루.(91.445%), 백설탕 (8.5%), 무수아황산(산화방지제) (0.035%), 소르빈산(보존료) (0.02%)",농업회사법인㈜붉은진주
백자주,10,500ml,"국내산 찹쌀, 멥쌀, 잣, 누룩, 정제수",농업회사법인㈜산수
동정춘,8,500ml,"쌀, 누룩, 정제수",농업회사법인㈜산수
백이주,35%,800ml,"쌀(국산), 홍마늘액(국산), 감초(국산), 개량누룩(국산), 효모, 정제효소제, 정제수, 밀함유",농업회사법인㈜세찬
당당하리,15%,375ml,"쌀(국산), 홍마늘(국산), 감초(국산), 효모, 개량누룩, 정제효소제, 정제수, 복분자(국산), 설탕, 올리고당, DL-사과산, 구연산, 무수이황산",농업회사법인㈜세찬
명가원 산머루주,16,750ml,"머루(국내산)49.22%, 정제수, 주정(45%), 설탕, 액상과당, 효모, 구연산, 호박산",농업회사법인㈜솔송주
청주신선주탁주,10,500ml,"청원생명쌀(청주산), 정제수, 찹쌀(국내산), 전통누룩(국내산)(밀함유), 약재(국화, 쇠무릅, 당귀, 하수오, 구기자, 맥문동, 인삼, 육계(계피), 숙지황, 생지황)",농업회사법인㈜신선
죽향 생 막걸리,6,750ml,"쌀(국내산), 정제효소, 젖산, 효모, 아스파탐, 정제수",농업회사법인㈜죽향도가
담향 대대포 블루,6,600ml,"백미(국내산, 무기농 무농약), 벌꿀(국내산), 정제수",농업회사법인㈜죽향도가
밀담40,40,360ml,"단수수(국내산)증류원액, 정제수",농업회사법인㈜착한농부
예천주복 만월24,40,350ml,"복분자(국내산)증류원액, 복분자(국내산)과즙, 정제수",농업회사법인㈜착한농부
예천주 사월365,36.5,375ml,"오미자(국내산)증류원액, 건오미자(국내산)추출액, 정제수",농업회사법인㈜착한농부
예천주 사월24,24,375ml,"오미자(국내산)증류원액, 건오미자(국내산)추출액, 정제수",농업회사법인㈜착한농부
착한농부 막시모 25,25,360ml,"단수수(국내산)증류원액, 주정, 오미자(국내산)추출액, 합성향료(오미자향, 복분자향), 캬라멜, 정제수",농업회사법인㈜착한농부
착한농부 막시모 17,17,360ml,"단수수(국내산)증류원액, 주정, 오미자(국내산)추출액, 합성향료(오미자향, 복분자향), 캬라멜, 정제수",농업회사법인㈜착한농부
착한농부 막시모파인오크 40,40,200ml,"단수수(국내산)증류원액, 오미자(국내산)추출액, 합성향료(오미자향, 복분자향), 정제수",농업회사법인㈜착한농부
진안블랙,40,500ml,"팽화미, 블랙보리, 누룩, 수삼, 홍삼농축액, 보리침출 주정(이상 국내산), 효모, 정제수",농업회사법인㈜태평주가
북한강25,25,375ml,"쌀(화천군), 누룩(국내산), 효모(토종), 정제수 [밀(곡류)함유]",농업회사법인㈜화천주가
화천용화산,10,750ml,"정제수,쌀(화천군),곡자(밀/국내산),이소말토올리고당,효모, 정제효소제 밀함유",농업회사법인㈜화천주가
라봉,5.5,650ml,"물, 쌀(국내산), 한라봉(국내산), 올리고당, 누룩, 아스파탐(감미료, 페닐알라닌함유),",다도참주가
딸링 막걸리,5.5,650ml,"물, 쌀, 올리고당, 딸기, 누룩, 조제종국, 효모, 아스파탐(감미료, 페닐알라닌 함유)",다도참주가
참주가 솔 막걸리,5.5,650ml,"물, 쌀(국내산), 솔잎(국내산), 당귀(국내산), 한라봉(국내산), 누룩, 올리고당, 아스파탐(감미료, 페닐알라닌함유), 조제종국, 효모 밀,우유함유",다도참주가
오곡 진상주,7,750ml,"쌀, 밀, 보리, 옥수수, 조 등",대강양조장
호담 300ml,20,300ml,"산양산삼, 정제수, 주정",대농바이오우리산삼
산삼가득 명술,20,375ml,"국내산 주정, 국내산 산양산삼 5년근",대농바이오우리산삼
만품 산삼가득,13,350ml,"국내산쌀(경기미), 국내 산양산삼",대농바이오우리산삼
호담 산양산삼 막걸리,6,750ml,"쌀(경기미), 입국, 산양산삼, 정제수, 아스파탐",대농바이오우리산삼
"진도홍주, 만홍",40,"400ml, 500ml","국내산 쌀, 국내산 지초",대대로영농조합법인
진도홍주 루비콘,40,375ml,"쌀, 누룩, 지초, 정제수",대대로영농조합법인
"진도홍주 아라리35%, 루비콘40%","35, 40","375ml, 500ml, 700ml","국내산 쌀, 국내산 지초",대대로영농조합법인
명품홍주,38,375ml,"쌀, 지초",대대로영농조합법인
진도 백주,38,375ml,"쌀(국내산)100%, 정제수, 조제종국, 효모, 지초(국내산), 올리고당, 구연산, 알라닌",대대로영농조합법인
대윤 가야곡 왕주,13,300ml,"쌀, 누룩, 효모, 물엿, 정제수",대윤가야곡주조
모을동주 약주,13,375ml,"쌀(국내산), 조제종국 효모, 정제효소, 정제수",대작영농조합법인
멜론서리,5,330ml,"사과즙(국산), 멜론과즙(국산), 정제수, 건조녹차(국산), 탄산가스, 페퍼민트티, 사과산(산도조절제), 구연산(산도조절제), 효모, 메타중아황산칼륨, 멜론항아황산류함유",댄싱사이더 컴퍼니
신애유자,5,"330ml, 750ml","사과즙(국산), 정제수, 벌꿀(국산), 생강즙(국산), 유자과즙(국산), 탄산가스, 로즈마리티, 사과산(산도조절제), 구연산(산도조절제), 천일염, 메타중아황산칼륨, 효모아황산류",댄싱사이더 컴퍼니
루드베리,4.5,750ml,"사과즙(국산), 정제수, 딸기퓌레(국산), 건조레몬그라스(국산), 탄산가스, 동결건조딸기분말(국산), 바질잎, 사과산(산도조절제), 효모, 메타중아황산칼륨(산화방지제), 아황산류함유",댄싱사이더 컴퍼니
요새로제,6.4,750ml,"사과즙(국산), 오미자, 라즈베리차, 정제수, 효모, 사관산(산도조절제), 탄산가스, 메타중아황산칼륨(산화방지제)",댄싱사이더 컴퍼니
댄싱사이더 치키피치,4.6,330ml,"사과즙, 정제수, 복숭아즙, 벌꿀, 복숭아티, 사과산, 구연산, 효모, 메타중아황산칼륨, 아황산류 함유",댄싱사이더 컴퍼니
문앞에봄,4.5,750ml,"사과산,바질잎,동결건조딸기분말,이산화탄소,사과즙,정제수,딸기퓌레,설탕,건조레몬그라스,효모,메타중아황산칼륨",댄싱사이더 컴퍼니
원매,15,750ml,"매실원주액, 매실청, 꿀, 카라멜, 효소처리스테비아, 정제수",더한주류
서울의 밤,25,375ml,"매실증류주원액, 벌꿀, 포도당, 노간주나무열매, 정제수",더한주류
매실원주 허니,"13, 15, 20",300ml,"국내산 황매  80%, 청매20%",더한주류
원매 프리미엄,20,700ml,국내산 황매실,더한주류
천매,30,600ml,매실,더한주류
명랑 스컬,17,375ml,"매실증류주원액, 벌꿀, 포도당, 노간주나무열매, 정제수",더한주류
원매,20,750ml,"매실원주액, 매실청, 꿀, 카라멜, 효소처리스테비아, 정제수",더한주류
무주구천동머루와인,12,750ml,머루,덕유양조
도깨비술 7,7,750ml,"국내산 멥쌀, 누룩, 효모, 정제수",도깨비양조장
도깨비술 9,9,750ml,"국내산 멥쌀, 누룩, 효모, 정제수",도깨비양조장
샤토미소 랑,12,375ml,청수,도란원
샤토미소 레드 드라이,13,750ml,"MBA, 산머루, 캠벨 얼리",도란원
샤토미소 레드 스위트,12,750ml,"포도, 산화방지제, 효모, 설탕 등",도란원
샤토미소 로제스위트와인,12,375ml,국내산 포도원액,도란원
샤토미소 영동,40,200ml,포도,도란원
미소 아이스,12,375ml,"포도, 산화방지제, 효모",도란원
샤토미소 아이스와인,12,375ml,"포도(국내산100%), 메타중아황산칼륨, 소르빈산칼륨, 효모",도란원
샤토미소 웨딩 자두와인,12,"375ml, 750ml","자두(국내산100%), 메타중아황산칼륨, 소르빈산칼륨, 설탕, 효모",도란원
DOK막걸리,6,"1,000ml","정제수, 맵쌀, 찹쌀, 누룩, 효소, 효모",독브루어리
레드듀 RED DEW,13,750ml,무농약머루,동강산머루영농조합법인
얼떨결에,6,920ml,"쌀(국내산), 정제수, 정제효소, 효모, 젖산, 기타과장, 곡자(밀)",동강주조
얼떨결에 퍼플,6,935ml,"쌀(국내산), 찰보리쌀(국내산), 포도즙(국내산), 정제수, 정제효소, 효모, 젖산(산도조절제), 기타과당, 곡자(밀), 밀함유",동강주조
부안참뽕막걸리,6,950ml,"쌀(국내산) 오디과즙,스테비올배당체,스쿠랄로스",동진주조
부안참뽕와인,13,750ml,"정제수, 오디(국내산), 주정, 과당",동진주조
영일만친구 막걸리,6,750ml,"국내산 쌀, 물엿, 우뭇가사리, 효모, 조제 종국, 정제효소제, 아스파탐, 젖산",동해명주
도구막걸리,6,750ml,"정제수, 밀가루, 효모, 조제종국, 정제효소제, 젖산, 아스파탐, 아세설팜칼륨",동해명주
세오녀탁주,6,750ml,"정제수, 쌀(국내산, 포항쌀), 누룩, 효모, 조제종국, 정제효소제, 젖산",동해명주
동해동동주,6,750ml,쌀100%(포항쌀),동해명주
연오랑탁주,12,750ml,"정제수, 쌀(국내산, 포항쌀), 누룩, 효모, 조제종국, 정제효소제, 젖산",동해명주
북극곰 막걸리,6,750ml,"정제수, 쌀(국내산_포항유기농쌀), 물엿, 효모, 국, 정제효소제, 아스파탐(합성감미료, 페닐알라닌함유), 아세설팜칼륨(합성감미료), 젖산(산도조절제), 밀 함유",동해명주
도구막걸리,6,750ml,"밀(외국산), 쌀(국내산, 외국산), 물엿, 효모, 조제종국, 정제효소제, 아스파탐, 젖산",동해명주
메밀로,45,500ml,"국내산 쌀, 메밀, 누룩, 정제수",두루
대관람차,12,500ml,,두루미양조장 / 구름아양조장
술헤는밤,8,750ml,"쌀(국내산), 누룩(국내산)",두루전통양조
희양산 막걸리 15도,15,500ml,"정제수, 쌀(국내산), 누룩(국내산), 효모",두술도가
희양산 막걸리 9도,9,750ml,"정제수, 쌀(국내산), 누룩(국내산), 효모",두술도가
구기홍주 14,14,"360ml, 750ml","국내산 쌀, 국, 구기자추출액, 올리고당, 효모, 효소, 아세설팜칼륨, 정제수",두이술공방
겨울소주 25,25,360ml,"국내산 쌀, 증류원액, 효모, 효소, 정제수",두이술공방
걍즐겨,8,600ml,"멥쌀,찹쌀,누룩,프렌치세종,석류,히비스커스",디오케이브루어리
대장부23,23,375ml,"정제수, 쌀, 효모, 종국, 보리",롯데칠성음료
설하담,8,"950ml, 475ml","국내산 멥쌀 100%, 개량 누룩, 정제수, 이산화탄소",리큐랩주식회사
솜솜 막걸리,8,375ml,"쌀, 누룩, 물",마깨주
문삼이공(moon320) 잣 주,12,500ml,"찹쌀19.02%, 멥쌀13.16%, 누룩3.3%, 잣1.02%, 정제수63.5%",마마스팜
백년친구 쌀막걸리,6,750ml,"백미, 소맥분",만수주조(영농조합법인)
백년친구 풍기홍삼막걸리,6,"750ml, 900ml","국내산 쌀, 홍삼",만수주조(영농조합법인)
진맥 소주,40,200ml,통밀 소주원액,맹개술도가
메들리손막걸리,8,375ml,"쌀, 누룩",메들리 주식회사
메들리아카시아,7,375ml,"꿀, 물, 효모",메들리 주식회사
면천두견주 700,18,700ml,"국내산 찹쌀, 누룩, 진달래꽃",면천두견주
면천두견주 360,18,360ml,"국내산 찹쌀, 누룩, 진달래꽃",면천두견주
매실향기 담은 술,14,500ml,"국내산 쌀, 효모, 조효소재, 물엿, 아스파탐, 정제수",명세주가
명인 안동소주 22%,22,360ml,"쌀(국내산), 누룩, 정제수",명인안동소주
명인 안동소주 하회탈,45,800ml,국내산 쌀 100%,명인안동소주
명인 안동소주,45,800ml,국내산 쌀 100%,명인안동소주
명인 안동소주 양반탈,45,800ml,"국내산 쌀, 누룩, 정제수",명인안동소주
대천바다 금빛,16,300ml,"찹쌀, 밀, 누룩",명주도가
느낌 30,30,360ml,"국내산 백미, 누룩, 효모, 정제수",명품 안동소주
느낌 19.8,19.8,360ml,"국내산 백미, 누룩, 효모, 정제수",명품 안동소주
각시탈,45,200ml,"쌀증류원액(쌀: 국내산), 정제수, 발효주정",명품안동소주
모월 청,16,500ml,"쌀(국내산), 누룩, 정제수",모월
모월 연,13,500ml,"국내산 쌀, 밀누룩(국산)",모월
모월 인,41,500ml,"국내산 쌀, 정제수, 밀누룩",모월
모월 로,25,500ml,"쌀(국내산), 누룩, 정제수",모월
모월로미니,25,150ml,"쌀(국내산), 누룩, 정제수",모월
모월인미니,41%,150ml,"쌀(국내산), 누룩, 정제수",모월
소풍,5.5,750ml,"정제수, 쌀(국내산산청메뚜기쌀), 입국, 에리스리톨, 포도당, 효소처리 스테비아, 혼잡제제(효모, 유당, 넥스트린), 효소제, 탄산칼슘, 우유",몬스터빌리지
설레 7도,7,750ml,"정제수, 쌀(국내산산청메뚜기쌀), 국, 효모, 밀함유",몬스터빌리지
맑은 문희주,13,750ml,"국내산 유기농찹쌀, 국내산 멥쌀, 전통누룩, 정제수",문경주조
오희 스파클링 막걸리,8.5,500ml,"백미, 건오미자, 조효소제, 효모, 정제수",문경주조
구름을 벗삼아,12,750ml,"백미(국내산: 지역햅쌀 100%), 우리밀 전통누룩",문경주조
오미자 생막걸리,6.5,750ml,"정제수, 백미(국내산), 입국(쌀, 밀), 올리고당, 물엿, 허브(유기농), 오미자 2.4%(국내산, 문경로동산), 정제효소, 아스파탐·아세셀펌칼륨(함성감미료, 메닐알라닌 함유)",문경주조
문희 탁주,13,700ml,국내산 쌀,문경주조
오미로제 스파클링 와인,12,750ml,국내산 오미자,문경주조
호산춘,18,700ml,"멥쌀(국내산), 찹쌀(국내산), 정재수, 누룩, 솔잎, 밀(곡류)함유",문경호산춘
문배술,40,"500ml, 1000ml","국내산 찰수수, 국내산 메조",문배주양조원
문배술 헤리티지 40도,40,200ml,"메조, 찰수수, 쌀",문배주양조원
문배술 헤리티지 25도,25,375ml,"메조, 찰수수, 쌀",문배주양조원
경산대추약주 추,16,375ml,"찹쌀, 맵쌀 , 누룩, 대추 (국내산100%)",미송주가
민속주 안동소주,45,400ml,"국내산 쌀, 누룩, 정제수",민속주안동소주
가야곡왕주,13,750ml,"쌀, 야생 국화, 구기자, 오미자, 솔잎, 매실",민속주왕주
소호,"36.5, 56","350ml, 750ml","평택 쌀(발아 현미, 백미), 누룩, 정제수, 대나무잎",밝은세상영농조합
호랑이배꼽,6.5,"350ml, 750ml","평택 쌀(현미 40%, 백미 60%), 누룩, 정제수, 정백당",밝은세상영농조합
도문대작 생막걸리,10,750ml,"강릉 쌀, 누룩, 갯방풍나물, 정제수",방풍도가
김천 배금도가,12,500ml,"찹쌀, 멥쌀, 누룩",배금도가
주교주,16,500ml,"쌀(국내산), 누룩, 정제수, 정제효소, 효모",배다리도가
가와지탁주,7.5,500ml,"효모, 입국, 가와지쌀",배다리도가
아띠,6,450ml,쌀(국내산),배상면주가
심술 10,10,330ml,"정제수, 옥수수전분, 기타과당, 백설탕, 주정, 젖산, 과채가공품, 이산화탄소,국,활성건조효모,아세설팜칼륨",배상면주가
심술 7,7,330ml,"정제수, 옥수수전분, 기타과당, 백설탕, 주정, 젖산, 과채가공품, 이산화탄소,국,활성건조효모,아세설팜칼륨",배상면주가
심술6 막걸리,6,500ml,"쌀(국내산), 국(입국), 건조효모, 아세설팜칼륨, 아스파탐",배상면주가
오매락퍽,40,500ml,국내산 배증류원액,배상면주가
오매락,40,500ml,"배를 증류한 원액, 정제수, 설탕, 매실, 오매(구운 매실)",배상면주가
민들레대포,13,330ml,"쌀, 누룩, 민들레",배상면주가
느린마을 막걸리,6,750ml,"쌀, 국, 효모, 정제수",배상면주가
감아락 25,25,500ml,"국내산 쌀, 감증류원액",배상면주가
느린마을소주21,21,375ml,"쌀, 정제수, 입국, 조효소제, 건조효모",배상면주가
복분자음,12,375ml,"복분자(국내산), 정제수",배상면주가
빙탄복,7,370ml,복분자,배상면주가
복분자아락40,40,500ml,"복분자증류원액(국내산), 정제수",배상면주가
오디아락40,40,500ml,오디증류주원액,배상면주가
느린마을 증류주,16.9,360ml,쌀(국내산),배상면주가
심술 알쓰,3.8,180ml,복분자,배상면주가
느린마을 약주,12,700ml,"정제수, 쌀(국내산), 기타과당, 설탕, 국[곡자(밀), 조효소제(밀), 정제효소제], 젖산, 건조효모",배상면주가
우곡생주,10,750ml,"국내산 쌀, 누룩, 효모, 정제수",배혜정도가
호두땅콩막걸리,6,750ml,"물, 쌀(국내산), 고과당, 국(밀), 땅콩(국내산)",배혜정도가
메로니아,4,750ml,"국내산 쌀, 물엿, 합성착향료(메론향), 효모, 국, 혼합제제, 아스파탐, 젖산, 합성 향료(밀크향), 효소처리스테비아, 멜론농축액",배혜정도가
호랑이 생 막걸리,6,750ml,"물, 쌀(국내산),에리스리톨, 효모, 국, 젖산, 합성향료,밀함유",배혜정도가
메로니아,4,750ml,"쌀, 국, 효모, 젖산, 멜론 향, 물엿 등",배혜정도가
매실탁테일,7,375ml,"국내산 백미, 매실천연과즙",배혜정도가
이담,55,700ml,"국내산 쌀, 국내산 배",배혜정도가
로아40 옐로우,40,350ml,"쌀(국산), 배(국산)",배혜정도가
우곡주,13,375ml,쌀,배혜정도가
매화마름 호랑이 막걸리,7,375ml,쌀,배혜정도가
부자 송산포도,9,375ml,"쌀, 누룩, 포도즙",배혜정도가
부자,"10, 13, 16","375ml, 300ml, 300ml","쌀, 정제수, 고과당, 효모 등",배혜정도가
배도가 로아 40도 옐로우,40,350ml,"국내산 쌀, 국내산 배",배혜정도가
로아40 레드,40,350ml,사과소주원액,배혜정도가
배도가 심플리 애플,12,350ml,"정제수, 사과즙(국산), 쌀(국산), 벌꿀(국산), 천연향료(사과향), 구연산, 국, 효모, 비타민C, 밀함유",배혜정도가
매화마름,14,375ml,"물, 유기농 갈색설탕(필리핀산), 유기농쌀(국내삼), 국, 효모, 산도조절제, 잔탄검(밀함유)",배혜정도가
로아19레드,19,350ml,"사과소주원액(사과(국내산), 설탕, 효모, 메타중아황산칼륨(산화방지제), 셀룰라아제), 정제수",배혜정도가
로아19옐로우,19,350ml,"배소주원액(배(국내산), 쌀(국내산), 물, 효모, 국, 젖산), 물",배혜정도가
로아40퍼플,40,350ml,"포도소주원액(포도(국내산), 효모, 설탕, 메타중아황산칼륨(산화방지제), 정제수",배혜정도가
로아19화이트,19,350ml,"물, 쌀소주원액(쌀(국내산), 국, 효모, 젖산, 물), 주정, 벌꿀(국내산, 천연), 아카시아향(합성착향료)",배혜정도가
로아40화이트,40,350ml,"쌀소주원액(쌀(국내산), 물, 국, 효모, 젖산), 물, 주정, 벌꿀(국내산, 천연), 아카시아향(합성착향료)",배혜정도가
생 옥수수 동동주,6,750ml,"쌀, 옥수수분말, 물엿, 국, 효모, 젖산, 치자분말추출물, 아스파탐, 구연산, 효소처리 스테미아 밀함유",배혜정도가
매실 막걸리,7,750ml,"쌀, 매실과즙",백운주가
백운 복분자 와인,11,360ml,"쌀, 토종 복분자과즙",백운주가
백운복분자주,13,360ml,"국내산 쌀, 국내산 복분자",백운주가
매화깊은밤,8,375ml,"쌀(국산), 매실(국산), 누룩(국산)밀함유, 정제효소제, 효모, 설탕, 조제종국, 정제수",백제명가주조
보리수헤는밤,8,375ml,"쌀(국산), 보리수(국산), 매실(국산), 홍국쌀, 누룩(국산)밀함유, 정제효소제, 효모, 설탕, 조제종국, 정제수",백제명가주조
청량주,6,750ml,"백미, 누룩, 종국, 효모",법전양조장
라이스퐁당,13,500ml,"정제수, 찹쌀, 누룩, 삼지구엽초, 감초",벗드림양조장
볼빨간막걸리 7,7,500ml,"정제수, 찹쌀, 누룩",벗드림양조장
관악산생막걸리,6,1000ml,"정제수, 멥쌀(국내산), 국, 효모, 밀함유",별네트웍스 과천도가
병영설성 생막걸리,6,750ml,"쌀(국내산), 효모, 누룩, 정제수",병영양조장
병영설성 동동주,6,1700ml,"쌀(국내산), 전분, 효모, 누룩, 정제수",병영양조장
병영소주,40,700ml,"정제수, 보리증류식 소주원액(보리: 국내산)",병영양조장
설성 만월 막걸리,6,750ml,"정제수, 유기농쌀국내산, 누룩, 유기농올리고당 등",병영주조장
병영설성사또,40,750ml,"국내산 쌀, 국내산 오디, 국내산 복분자",병영주조장
청세주,18,375ml,국내산 쌀,병영주조장
보석막걸리,12,500ml,"정제수, 쌀(국내산), 국, 효모",보석양조장
보성 강하주,15,350ml,국내산 찹쌀100%,보성강하주
복순도가 탁주,10,935ml,"정제수, 쌀(국산), 곡자(밀), 밀함유",복순도가
복순도가 손막걸리,6.5,935ml,"정제수, 쌀(국산), 곡자(밀), 물엿, 설탕, 아스파탐(감미료,페닐알라닌함유)",복순도가
복순도가 약주,10,750ml,"정제수, 쌀(국산), 곡자(밀)",복순도가
빨간쌀막걸리,6.5,935ml,,복순도가
복순도가 과하주,15,750ml,"쌀(국산), 곡자(밀), 정제수",복순도가
복순도가 슈퍼드라이,6.5,935ml,"정제수, 쌀(국산), 곡자(밀)",복순도가
백수환동주,12,375ml,"쌀, 정제수, 누룩",봇뜰
봇뜰 막걸리 10도,10,750ml,"쌀, 정제수, 누룩, 밀 함유",봇뜰
불로생우리쌀막걸리,6,750ml,국내산 쌀,불로생우리쌀막걸리
포항불로주,"35, 45","35-750ml, 45-800ml",국내산 쌀,불로주
시나브로 레드 드라이,12,750ml,캠벨얼리,불휘농장
시나브로 청수 화이트,12,750ml,청수 100%,불휘농장
시나브로 에뚜왈 로제 스파클링,5,750ml,포도(캠벨얼리),불휘농장
시나브로 로제와인,10,500ml,포도(캠벨얼리),불휘농장
시나브로 레드 스위트,12,750ml,포도(캠벨얼리),불휘농장
시나브로 드 글로리아,12,750ml,포도(캠벨얼리),불휘농장
시나브로 에뚜왈 화이트 스파클링와인,5,750ml,국산포도(영동포도),불휘농장
붉은진주머루와인,12,750ml,"머루, 정백당, 아황산칼륨, 소르빈산칼륨",붉은진주
베리와인1168 스위트와인,13,500ml,포도 87%,블루컴퍼니
왕율주,25,330ml,"국내산 쌀, 밤, 누룩, 정제수",사곡양조원
공주애 오디와인,15,375ml,"국내산 오디, 정제수, 주정, 과당, 효모",사곡양조원
공주알밤 왕밤주,6,750ml,"공주밤(국내산), 백미(국내산), 아스파탐",사곡양조장
진쾌남,25,330ml,"국내산 쌀, 밤, 누룩, 구기자, 오미자, 산수유, 오가피, 동충하초, 정제수",사곡양조장
밤꽃향기,13.5,375ml,"국내산 쌀, 밤, 누룩, 정제수",사곡양조장
소백산(샤토소백) 스위트 레드와인,12,750ml,국내산포도 100%,산내들 와이너리
머루이야기,12,350ml,국내산 머루(전북 무주),산들벗㈜
산막와이너리 증류주 환희,40,375ml,국내산 캠벨얼리 100%,산막 와이너리
"산막와이너리, 초련",20,500ml,"포도, 아황산칼륨, 백설탕, 증류주",산막 와이너리
"산막와이너리, 아로퓨어",13,750ml,"아로니아, 아황산칼륨, 백설탕",산막와이너리
"산막와이너리, 라라",12,750ml,"포도, 아황산칼륨, 백설탕",산막와이너리
"산막와이너리, 비원퓨어",13,750ml,"포도, 아황산칼륨, 백설탕",산막와이너리
"산막와이너리, 미",13,750ml,"포도, 아황산칼륨, 백설탕",산막와이너리
"산막와이너리, 비원",13,750ml,"포도, 아황산칼륨, 백설탕",산막와이너리
"산막와이너리, 화몽",13,750ml,"포도, 아황산칼륨, 백설탕",산막와이너리
감악산 산머루주,12,360ml,"머루원액 78.5%(경기 파주), 주정(국내산, 수입산)",산머루농원
무주구천동산머루주,16,"750ml, 360ml",머루,산머루농원
너와머루와인,12,"500ml, 700ml",국내산 산머루 100%,산머루농원영농조합법인
도로시 머루주,12,500ml,"국내산 산머루원액 78.5%, 주정",산머루농원영농조합법인
호모루덴스,12,500ml,"쌀, 누룩, 정제수",산수양조장
찹쌀 생막걸리 12도,12,750ml,"찹쌀, 멥쌀, 누룩",삼산주조장
찹쌀생막걸리 9도,9,750ml,"찹쌀(해남산), 멥쌀(해남산), 누룩",삼산주조장
두륜탁주,6,"1,700ml","쌀, 밀가루, 누룩, 당귀",삼산주조장
삼양춘 청주,15,500ml,"정제수, 찹쌀, 맵쌀, 누룩",삼양춘
삼양춘 생약주,15,500ml,"강화섬쌀, 전통누룩, 정제수",삼양춘
삼양춘 스파클링,13,500ml,"정제수, 쌀(국내산), 전통누룩(밀), 탄산가스, 효모, 정제효소제",삼양춘
오 마이 갓,14,500ml,"정제수, 쌀(국내산), 입국, 전통누룩(밀), 백설탕, 백목련꽃잎, 효모",삼양춘
엄청주,18,360ml,"엄나무(국내산), 천일염, 토종꿀(국내산), 정제수",삼오식품
도갓집 막걸리,6,750ml,"정제수, 쌀(국내산), 국(국내산), 물엿, 누룩(밀함유), 효모, 아세설팜칼륨(감미료)",삼호주조장
너브내 로제 스파클링,12,750ml,"국산포도 효모, 설탕, 아황산나트륨, 수트랄로스, 자일리톨",샤또나드리
너브내 스파클링 화이트,12,750ml,"국산포도 효모, 설탕, 아황산나트륨, 수트랄로스, 자일리톨",샤또나드리
서울골드,15,500ml,"멥쌀, 찹쌀, 누룩, 정제수",서울양조장
인생막걸리,5,750ml,"정제수,팽화미,팽화밀가루,말토올리고당,국,혼합제제효모,아스파탐,아세설팜칼륨",서울장수㈜
장홍삼 장수 막걸리,6,750ml,"백미,말토올리고당,홍삼분말",서울장수㈜
월매 쌀막걸리(캔),6,350ml,"백미, 말토올리고당, 정제수",서울장수㈜
장수 생막걸리,6,750ml,"백미(국내산), 말토올리고당, 홍삼분말",서울장수주식회사
단홍,13.5,500ml,"정제수, 찹쌀(국내산), 개량누룩, 효모, 유산균, 라즈베리(폴란드산), 히비스커스, 화자오, 비트(국내산), 우뭇가사리",서울효모방
온섶,12.8,500ml,"정제수, 찹쌀(국내산), 개량누룩, 효모, 유산균, 계피, 생강, 감초, 넛맥, 파인애플(외국산)",서울효모방
석로주,13,720ml,"국내산 쌀, 석이버섯, 누룩, 효모, 정제수",석이원주조
벗이랑 강황,15,500ml,"쌀(국내산), 정제수, 강황(국내산), 프락토올리고당(국내산)",석이원주조
벗이랑 버찌 홍국,15,500ml,"쌀(국내산), 정제수, 버찌;(국내산), 홍국쌀(국내산), 프락토올리고당(국내산)",석이원주조
벗이랑 조릿대 산죽,15,500ml,"쌀(국내산), 정제수, 고려조릿대(국내산), 프락토올리고당(국내산)",석이원주조
자자헌주,13,500ml,"정제수, 멥쌀(국내산), 석이버섯약재추출물(국내산), 누룩(밀함유), 효모",석이원주조
독도소주,17.3,375ml,"쌀 증류주 원액, 해양심층수, 주정, 에리스리톨, 결정과당, 고과당, 효소처리스테비아",설악프로방스배꽃마을
동해소주,17.5,360ml,"쌀 증류주, 해양 심층수, 주정, 에리스리톨, 결정과당, 고과당, 효소처리스테비아",설악프로방스배꽃마을
행운 생유자 동동주,6,"750ml, 1700ml","쌀(국내산), 소맥분(미국산), 전분당, 정제수, 유자과즙, 치자, 정제효소, 종국, 효모, 젖산, 아스파탐",성포양조장
성포 생막걸리,6,750ml,"쌀(국내산), 소맥분(미국산), 전분당, 정제수, 무농약 미나리추출액, 정제효소, 종국, 효모, 아스파탐",성포양조장
팔공산미나리 생막걸리,6,750ml,"쌀, 소맥분, 전분당, 정제수, 무농약 미나리추출액, 정제효소, 종국, 효모, 아스파탐, 밀 함유",성포양조장
소계리 595 스위트 레드와인,12,750ml,"포도(국내산), 설탕, 효모, 메타중아황산칼륨",소계리 와이너리
소양강 생 막걸리,6,750ml/ 1700ml,"백미, 소맥분, 정제수, 팽화미, 아스파탐, 물엿, 정제수","소양강도가(구, 천정양조장)"
자연송이주,18,720ml,자연송이버섯,솔래원
설궁,30,700ml,"자연산 송이버섯, 산양산삼, 토종벌꿀",솔래원
솔송주,13,375ml,"백미(국내산) 90%, 솔잎·송순(국내산) 10%",솔송주
명가원 복분자술,16,750ml,"복분자(37.65%), 주정, 정제수, 구연산, 호박산, 정제식염, 액상과당, 효모, 설탕",솔송주
녹파주,15,375ml,"국내산 찹쌀, 멥쌀, 누룩, 정제수",솔송주(명가원)
담솔,40,"500ml, 750ml","백미(함양산) 90%, 솔잎·송순(함양산) 10%",솔송주(명가원)
삼양춘 생탁주,12.5,500ml,"강화섬쌀, 전통누룩, 정제수",송도향전통주조
송로주,48,700ml,"멥쌀, 솔옹이, 솔잎, 복령",송로주
송화백일주,38,700ml,"송화, 솔잎, 산수유, 오미자, 구기자",송화양조원
산머루 크라테 로제,11.5,375ml,산머루,수도산와이너리
산머루 크라테 드라이,11.5,750ml,산머루,수도산와이너리
산머루 크라테 스위트,11.5,750ml,산머리(국내산),수도산와이너리
크라테 자두와인,8.5,375ml,"자두(국내산) 95.97%, 효모, 설탕, 메타중아황산칼륨(산화방지제)",수도산와이너리
크라테 미디엄드라이,11.5,750ml,산머루(100%),수도산와이너리
크라테 화이트스위트,11.5,375ml,청수(100%),수도산와이너리
왕매실 막걸리,6,750ml,"국내산쌀, 매실원액1%",순성왕매실영농조합
성읍민속마을 오메기술,12,375ml,"좁쌀, 누룩",술다끄는집
바텐더의막걸리,14,500ml,"정제수, 멥쌀, 국, 효모, 기타과당, 물엿, 구연산, 아스파탐",술담화
맑은바당,15,375ml,"쌀(국내산), 국(밀누룩)",술도가 제주바당
제주낭만,40,500ml,"쌀, 백도라지",술도가제주바당
키위술,40,500ml,"그린키위, 골드키위",술도가제주바당
메밀이슬,40,500ml,"메밀(제주산), 입국(국내산), 효모, 정제수",술도가제주바당
사십오도,45,250ml,"쌀, 효모, 젖산, 옥분, 억새어린순, 지초뿌리, 정제수",술빚는전가네
입술,40,250ml,"쌀 효모, 젖산, 옥분, 억새어린순, 야관문, 정제수",술빚는전가네
주홍춘,10,350ml,"포천쌀, 흑미찹쌀, 전가네이화곡, 연잎, 정제수",술빚는전가네
육십일도,61,250ml,"쌀, 효모, 젖산, 옥분, 억새어린순, 지초뿌리, 정제수",술빚는전가네
그리움,14,700ml,"국내산 쌀, 누룩, 효모, 정제수",술샘
아임프리,9,500ml,"정제수, 쌀, 국, 효모",술샘
꿀샘 16,16,375ml,"정제수, 주정, 설탕, 천연꿀, 생강, 구연산",술샘
술샘19,19,375ml,"주정, 증류식소주, 정백당, 생강, 강황(국내산)",술샘
술샘16,16,375ml,"쌀(국내산), 오미자(국내산), 주정, 정백당",술샘
미르,"25, 40, 54",375ml,"쌀, 정제수",술샘
감사블루,14,375ml,"쌀(국내산 경기미 100%), 누룩, 효모, 정제수",술샘
감사,14,375ml,"쌀(국내산 경기미 100%), 누룩, 정제수",술샘
붉은 원숭이,10.8,375ml,"쌀(국내산 경기미 100%), 누룩, 홍국, 정제수",술샘
술취한 원숭이,10.8,375ml,"쌀(국내산 경기미 100%), 누룩, 홍국, 정제수",술샘
빡치주,25,375ml,"증류원액(쌀 국내산 100%), 정제수",술샘
서설,13,375ml,"쌀(국내산 경기미), 쌀누룩(국내산 경기미 조제종국)주정, 설탕, 구연산, 효모, 정제수",술샘
볼빨간미자,16,375ml,"물, 주정, 정백당, 오미자(국내산)",술샘
아임프리6.0,6,500ml,"정제수, 쌀(국내산, 경기미), 국(쌀누룩 국내산), 오미자, 효모",술샘
이화주(술샘),8,100,"쌀(국내산 경기미 100%), 누룩, 정제수",술샘
술아 핸드메이드 막걸리,8,450ml,"국내산 찹쌀, 누룩, 정제수",술아원
복단지,14,350ml,"쌀(경기미),누룩(국내산),정제수,복분자(국내산)",술아원
경성과하주,20,375ml,"찹쌀(여주산),누룩(국내산),정제수,쌀증류원액(경기미)",술아원
술아 순곡주,20,375ml,"국내산 찹쌀, 누룩, 증류주, 정제수",술아원
술아 국화주,15,375ml,"국내산 찹쌀, 누룩, 건조국화꽃, 증류주, 정제수",술아원
술아 연화주,15,375ml,"국내산 찹쌀, 누룩, 건조연화꽃, 증류주, 정제수",술아원
술아 매화주,15,375ml,"찹쌀(여주산),누룩(국내산),정제수,주정,매화꽃",술아원
필,25,375ml,"고구마증류원액(고구마여주산100%),정제수",술아원
복단지 350,14,350ml,"쌀(경기미), 정제수, 복분자(국내산), 누룩(국내산 밀 함유)",술아원
PS 애플시드르,5,750ml,"사과, 정제수, 백설탕, 탄산가스, 효모, 메타중아황산칼륨, 소브산칼륨, 아황산함유",시나브로 와이너리
미상25,25,350ml,"감귤(제주산)증류주원액, 정제수, 스테비올배당제",시트러스
귀감,25,350ml,"제주산 감귤과즙, 백설탕, 액상효모, 스테비올배당체, 무수아황산",시트러스
신례명주,50,750ml,"제주산감귤, 감귤 증류주",시트러스
말이야 막걸리야,6,"200ml, 3000ml","건조토란(국내산), 쌀(국내산), 정제수, 젖산(산도조절제), 효모",시향가
시향가 미니캔막걸리,8,200ml,"물, 쌀, 건조토란, 젖산, 누룩, 효모, 정제효소제",시향가주식회사
산막생대덕주,13,750ml,"국내산 찹쌀, 누룩",신탄진주조
백련 맑은술,12,375ml,"백미, 정제수, 물엿, 과당, 누룩, 백련잎, 누룩 등",신평양조장
백련 생막걸리 snow (스노우),6,750ml,"백미, 연잎, 정제수, 종국, 효모, 아스파탐, 물엿 등",신평양조장
하얀연꽃 백련생막걸리,7,"375ml, 750ml","국내산 백미, 국내산 백련잎",신평양조장
하얀연꽃 백련막걸리,7,375ml,국내산 쌀,신평양조장
하얀연꽃 백련맑은 술,12,"375ml, 750ml","국내산 쌀, 백련잎",신평양조장
씨(C) 그린막걸리,12,500ml,"쌀, 물, 누룩, 케일, 개똥쑥",씨(C) 막걸리
씨(C) 옐로막걸리,12,500ml,"쌀, 물, 누룩, 당근, 레몬그라스",씨(C) 막걸리
씨(C) 막걸리 시그니처 큐베,12,500ml,"쌀, 물, 누룩, 노간주나무열매, 건포도",씨(C) 막걸리
술공방 9.0 막걸리,9,500ml,"정제수, 쌀(국내산), 국(쌀, 국내산), 누룩(밀)",아리랑주조
허니문,8,375ml,벌꿀(국내산),아이비영농조합법인
허니비,8,500ml,벌꿀(국내산),아이비영농조합법인
악양생막걸리,6,750ml,"정제수, 백미(국내산), 입국(국내산), 누룩(국내산), 조효소제(밀), 젖산(산도조절제), 혼합제제(효모, 덱스트린, 유당), 혼합제제(스테비올 배당체, 덱스트린), 혼합제제(효소:아밀라아제, 효소:글루코아밀라아제, 탄산칼슘, 황산칼슘)",악양주조
정감생막걸리,6,750ml,"정제수, 백미(국내산), 찹쌀(국내산), 입국(국내산), 누룩(국내산), 조효소제(밀), 미강(쌀겨), 젖산(산도조절제), 혼합제제(효모, 덱스트린, 유당), 혼합제제(스테비올 배당체, 덱스트린), 혼합제제(효소:아밀라아제, 효소:글루코아밀라아제, 탄산칼슘, 황산칼슘)",악양주조
안동소주 일품 17도,17,350ml,"국내산 쌀, 입국",안동소주일품
안동소주 일품 40도 골드,40,500ml,"국내산 쌀, 입국",안동소주일품
안동소주 일품 21도,21,350ml,"국내산 쌀, 입국",안동소주일품
안양동동주,6,1700ml,"국내산 햅쌀, 국내산 친환경 햇찹쌀",안양주조장
장수 오미자주,16.5,360ml,"오미자(국내산), 정제수, 주정, 설탕, 효모",알에프
오미시앙 스페셜,12,500ml,"오미자, 주정, 설탕, 효모",알에프
과하주 온,18.5,500ml,"찹쌀, 정제수, 누룩, 더덕, 주정",양온소 온
자작막걸리,12,500ml,"자작나무 수액, 누룩으로 빚은 삼양주 원주",양온소온양조장
양조학당 뜰,12,500ml,"멥쌀, 찹쌀, 백국, 효모, 솔잎, 쑥, 정제수",양조학당
이화주,8.5,120ml,"양주쌀59.5%, 정제수24.6%, 쌀누룩15.9%(국내산)",양주골이가전통주
별산막걸리,6.5,800ml,"정제수, 쌀(국내산), 입국, 효모, 당류가공품",양주도가
별산오디 스파클링 막걸리,6,800ml,"정제수, 쌀(국내산), 당류가공품(원당, 올리고), 오디(국내산), 종국, 효모",양주도가
양지백주,15,500ml,"국내산 쌀, 누룩, 효모, 정제수",양지술곳간
모든날에,15,500ml,"정제수48.8%, 찹쌀(국내산, 39%), 멥쌀(국내산, 7.8%), 밀누룩4.4%",양지술곳간
아치23,23,375ml,"감 발효증류주, 정제수",양촌감양조장
감이슬,23,375ml,국내산 감,양촌감영농조합법인
양촌 생 동동주,10,750ml,"정제수, 백미 효소제, 효모 등",양촌양조
양촌 생 막걸리,6,750ml,"팽화미, 소맥분, 정제수, 물엿, 효소, 국 등",양촌양조
우렁이쌀 손막걸리 DRY,7.5,500ml,"정제수, 찹쌀(국내산), 쌀(국내산), 효모, 종국",양촌양조
양촌 우렁이쌀 청주,14,500ml,"무농약우렁이찹쌀, 우렁이 쌀, 정제수, 종국, 효모(무감미료)",양촌양조
우렁이쌀 손 막걸리,7.5,750ml,"쌀, 정제수 효모, 정제효소, 효소처리 스테비아",양촌양조
마크홀리 오리지널 6.0,6,650ml,"정제수, 살(김포산), 국, 산도조절제, 효모",어메이징브루잉컴퍼니
에델 미디움 스위트와인,13,375ml,"매실(100%), 정제수, 정제당, 효모",에델농원
에델 스위트와인,13,375ml,"매실(100%), 정제수, 정제당, 효모",에델농원
여민락주,16,500ml,"국내산 쌀, 누룩, 효모, 정제수",여주육묘영농조합법인
초선의 꿈,12,375ml,국내산 포도,여포와인농장
여포의 꿈 (화이트),12,750ml,국내산 포도,여포와인농장
여포의 꿈 레드(SWEET),12,750ml,국내산 포도 100%,여포와인농장
여포의 꿈 레드(Dry),12,750ml,국내산 포도 100%,여포와인농장
역전주,9,600ml,"정제수, 멥쌀(국내산), 찹쌀(국내산), 누룩",역전양조장 (역전회관)
나 와인,10,500ml,국내산 찹쌀 100%,영농법인에스비케이조합
오가피와인,12,500ml,"오가피 열매(국내산), 백설탕, 효모, 메타중아황산칼륨",영농조합법인 금이산농원
설련주,16,750ml,"백련, 찹쌀, 멥쌀, 누룩",영농조합법인 석전상온전통주가
울금생막걸리 정,6,750ml,"국내산 쌀, 국내산 울금",영덕주조
새송이 쌀막걸리 정,6,750ml,"국내산 쌀, 새송이버섯",영덕주조
인어교주해적술,15,360ml,"정제수, 증류원액(쌀, 국내산), 포도당, 포도과육(국내산), 효소처리스테비아, 포도향(합성향료), 구연산(산도조절제), 진주빛색소, 식용색소청색 제 1호(착색료), 이산화탄소",영덕주조
행복한 상상 쵸코맛,15,300ml,"정제수, 정수, 사과(국내산), 복숭아(국내산), 포도과육,(국내산), 카카오",영덕주조
동강더덕주,20,360ml,"더덕, 대추구기자, 감초, 원지",영월더덕영농조합법인
예밀와인 로제,12,750ml,포도(캠벨얼리),예밀2리영농조합법인
예밀와인 레드 스위트,12,750ml,포도(캠벨얼리),예밀2리영농조합법인
예밀와인 레드 드라이,13,750ml,포도(캠벨얼리),예밀2리영농조합법인
산내울 오미자주,16,750ml,"오미자, 설탕, 주정, 정제수, 과당",예산사과와인
추사40,40,500ml,"사과증류원액, 정제수",예산사과와인
추사 블루베리 와인,11,375ml,"예산블루베리 60%(국내산), 설탕, 구연산, 무수아황산, 소르빈산칼륨",예산사과와인
추사 애플와인,12,375ml,사과(국내산),예산사과와인
추사 로제,12,375ml,사과,예산사과와인
추사47,47,500ml,"예산사과(100%), 효모",예산사과와인
추사백25,25,350ml,"증류원액(사과증류원액, 사과: 국내산), 정제수",예산사과와인
추사백40 사과 증류식 소주,40,500ml,,예산사과와인
만강에 비친 달,10,500ml,"홍천쌀, 단호박, 곡자(밀누룩)",예술주조
예술주조 `무작`,53,500ml,"정제수, 누룩, 쌀",예술주조
동짓달 기나긴 밤,16,500ml,"찹쌀, 맵쌀, 복분자, 전통누룩, 정제수",예술주조
동몽,17,500ml,"홍천 쌀, 정제수, 단호박, 국(밀 누룩)",예술주조
배꽃 필 무렵,9,"20ml, 140ml","정제수, 멥쌀(국내산), 누룩",예술주조
홍천강 탁주,11,500ml,"홍천 쌀, 정제수, 국(밀 누룩)",예술주조
남산애 포트와인,18.5,750ml,"포도(캠벨얼리, MBA, 산머루)",예인화원
남산애 레드와인,14,750ml,"포도(캠벨얼리, MBA, 산머루)",예인화원
영탁막걸리,6,750ml,"정제수, 백미(국내산), 입국(쌀, 밀), 물엿, 올리고당, 누룩(밀), 효모, 아스파탐, 아세설팔칼륨",예천양조
오계리 아이스와인,14,375,영천포도,오계리 와이너리
감자술 13%,13,700ml,"국내산 백미, 국내산 감자, 누룩, 효모, 정제수",오대서주양조
서주 16%,16,400ml,"백미(국내산), 감자(국내산), 누룩, 효모, 정제수",오대서주양조
다래와인 7004S,8,750ml,참다래,오름주가
다래와인 7004D,12,750ml,참다래,오름주가
다래와인 3004,8,375ml,참다래,오름주가
문경바람 오크,40,"750ml, 375ml",사과(문경),오미나라
고운달 백자,52,500ml,오미자(문경산),오미나라
고운달 오크,52,"200ml, 500ml",오미자(문경산),오미나라
오미로제 연,8,750ml,오미자,오미나라
스파클링와인 오미로제 결,12,750ml,오미자,오미나라
오미로제 프리미어와인,12,750ml,오미자(문경산),오미나라
혼,22,375ml,문경사과(국내산),오미나라
독산 53,53,250ml,"국내산 쌀, 누룩, 효모, 정제수",오산양조
하얀까마귀,8,850ml,"물, 쌀(국내산), 국, 효모 (밀 함유)",오산양조
독산 30,30,250ml,"정제수, 쌀(국내산), 누룩, 정제효소제, 효모",오산양조
이천쌀생막걸리,6,"750ml, 1,500ml",국내산 쌀,오성주조장
마주 소곡주,16,500ml,"국내산 찹쌀, 국내산 백미, 모싯잎, 우리밀 누룩, 정제수, 효모",옥순가 소곡주 마주
마주 소곡화주,41,500ml,"국내산 찹쌀, 국내산 백미, 모싯잎, 우리밀 누룩, 정제수, 효모",옥순가 소곡주 마주
옹근달 본막걸리,15,375ml,"쌀(강화섬 쌀), 정제수, 누룩",옹근달양조장
어우야,16,365ml,"야관문(제주산), 정제수, 포도당, 효모",왕지케양조장
강냉이 막걸리,6,"1,000ml","정제수, 쌀, 소맥분, 옥분, 입국, 올리고당, 치자분말, 정제효소제, 효모, 아스파탐, 아세설팜칼륨, 밀함유",용두산 조은술
신선주,16,750ml,"쌀, 능금, 신선초, 천궁, 구기자, 당귀솔잎, 대추, 인삼",용두산조은술
예주,15,750ml,"복분자, 주정, 효모, 정제수",용두산조은술
소백산생막걸리,6,750ml,"정제수, 쌀, 소맥분, 평화미",용두산조은술
금휘,35,500ml,"국내산 쌀, 황기, 금나노화된 황금물",용두산조은술(영)
소나무와 학,43,700ml,"국내산 쌀, 황기",용두산조은술(영)
톡쏘는 옥수수동동,6,750ml,"쌀, 정제수, 입국, 옥수수 농축액, 옥수수 추출물 등",우리술
톡쏘는 고구마동동,6,750ml,"쌀, 정제수, 입국, 고구마 농축액, 고구마 추출물 등",우리술
톡쏘는 알밤동동,6,750ml,"쌀, 정제수, 입국, 밤 농축액, 밤 추출물 등",우리술
가평 잣 생막걸리,6,750ml,"쌀, 정제수, 쌀입국, 잣, 효모, 정제효소 등",우리술
톡쏘는 쌀 막걸리,6,"750ml, 950ml",국내산 쌀,우리술
황도배기 햅쌀막걸리,6,900ml,고창 황토배기 햅쌀,우리술
경기백주,14,500ml,"정제수, 경기미 햅쌀, 국, 효모",우리술별처럼 과천도가
타락40,40,"200ml, 375ml","증류원액(국내산 우유), 정제수",우유로 만든 증류주 타락
맑은내일 발효 막걸리,6.5,930ml,"정제수, 백미(국내산), 누룩, 정제효소, 아스파탐(합성감미료 / 페닐알라닌함유), 밀함유",우포의 아침 주식회사
맑은내일 우포,12,"325ml, 500ml","국내산 쌀, 옥수수전분, 효모, 누룩, 양파, 정제수",우포의아침
맑은내일 스파클링 막걸리,5,750ml,"정제수, 멥쌀(수입산), 누룩, 정제효소, 아스파탐(감미료/페닐알라닌 함유), 밀함유",우포의아침
맑은내일 운암1945,12,750ml,"정제수, 쌀, 누룩, 효소제",우포의아침
황감찰,8,750ml,"국내산 쌀, 찹쌀, 누룩, 효모, 정제수",운곡도가
토끼구름,6.8,750ml,"정제수, 쌀, 올리고당, 전분, 조효소제, 혼합제제",운곡도가
왕피천을 품은 미소생막걸리,7,750ml,"쌀, 누룩, 정제수",울진술도가
미소 생막걸리,7,750ml,"쌀(국내산), 누룩, 정제수",울진술도가
원소주,22,375ml,"물, 쌀(국내산)",원스피리츠 농업법인 주식회사
원조소곡주,16,720ml,"찹쌀(36%), 누룩(3%)",원조소곡주
한산 소곡화주,41,"300ml, 500ml","찹쌀, 멥쌀, 누룩",원조소곡주
그랑티그르 M1988,12,750ml,"캠벨얼리 포도, 오미자",월류원
그랑티그르 CE2002,12,750ml,캠벨얼리 포도,월류원
오드린 베베마루 아내를 위한,10,375ml,캠벨얼리 포도,월류원
베베마루 캠밸로제,12,375ml,포도(캠벨얼리),월류원
베베마루 캠벨로제 스위트,10,375ml,포도(캠벨얼리),월류원
베베마루 설레임 로제 스위트와인,12,"375ml, 750ml",포도(캠벨얼리 100%),월류원 오드린
위 (we)레드 (2018)와인,12,750ml,국내산포도 100%,위 와이너리
은자골 생 탁배기,5%,750ml,"백미, 소맥분, 정제수, 전분당, 국, 누룩, 효소, 아스파탐",은척양조장
이상헌 약주,18,500ml,"아산쌀, 국(국내산 밀누룩), 정제수",이가수불
남산둘레길,7.6,750ml,"물, 쌀(국산), 국(밀함유), 솔잎(국산)",이대앞양조장
눈내린여름밤,12,375ml,"쌀, 누룩, 물",이대앞양조장
이동 생 쌀 막걸리,6,750ml,"정제수, 백미, 팽화미, 입국, 아스파탐 등",이동주조
뱁새,23,375ml,"쌀, 찹쌀, 모싯잎, 생강, 구절초",이쁜꽃양조장
아이원 막걸리,6,750ml,"쌀, 밀, 입국, 누룩, 정제수",이원양조장
시인의마을,10,700ml,"쌀(국내산), 누룩, 정제수",이원양조장
우리밀 막걸리 향수,9,700ml,"쌀, 밀, 입국, 누룩, 정제수",이원양조장
이화백주 순탁주,6,940ml,"정제수, 쌀(국내산), 누룩, 설탕, 물엿, 밀, 아스파탐",이화백주
인천 생 소성주,6,750ml,"쌀, 팽화미, 정제수, 국, 효모, 아스파탐, 효소, 이소말토 올리고당",인천탁주
천안연미주,13,375ml,국내산 쌀,입장주조㈜
자두와인,12,750ml,국내산 자두,자두사랑
홍삼명주,14,"375ml, 500ml, 750ml",홍삼(국내산),자연과 인삼
자희향 나비,8,500ml,"찹쌀(국내산), 멥쌀(국내산), 누룩(국내산), 정제수",자희자양
자희향,12,500ml,"찹쌀(국내산), 멥쌀(국내산), 누룩(국내산), 정제수",자희자양
자희향 국화주,15,375ml,국내산 쌀,자희자양
레돔 시드르,6,750ml,사과,작은알자스
레돔 내추럴 스파클링 로제와인,7.5,750ml,포도,작은알자스
세종대왕어주 탁주,13,500ml,"쌀(국내산), 누룩, 정제수",장희도가
세종대왕어주 약주,15,500ml,"쌀, 누룩 정제수",장희도가
고향춘,10,350ml,"포천쌀, 찹쌀, 향미찹쌀, 전가네이화곡, 정제수",전가네
이강주,19,375ml,"쌀, 소맥분, 정맥, 배, 생강, 계피, 울금, 꿀",전주 이강주
경기전,5,1000ml,"국내산 보리, 맥아, 호프펠렛, 효모, 정제효소제, 정제수",전주술로시티
오디여라,25,375ml,"오디증류원액(오디:국내산), 정제수, 올리고당",전주이강주
청진주,16,375ml,"찹쌀, 누룩, 정제수",전통주연구개발원
아리아리,40,500ml,"정제수, 과실주증류주원액(정제수, 오가피열매: 정선산, 설탕, 효모)",정선명주
곤드레생막걸리,6,750ml,"백미(국내산), 감자(정선산), 곤드레(정선산)",정선명주
청혼골드,19.5,375ml,"경기미(용인백옥쌀), 밀누룩, 국, 효모, 증류소주",제이앤제이브루어리
청혼 화이트,13,375ml,"경기미(용인백옥쌀), 밀누룩, 국, 효모",제이앤제이브루어리유한회사
청혼 레드25,25,375ml,"경기미(용인백옥쌀), 경기미(보리), 밀누룩, 국, 효모",제이앤제이브루어리유한회사
청혼 블루,15,375ml,"경기미(용인백옥쌀), 밀누룩, 국, 효모",제이앤제이브루어리유한회사
문경바람 백자 25,25,750ml/375ml,사과(문경산),제이엘
문경바람 백자 40,40,750ml/375ml,사과(문경산),제이엘
기다림 34,12,500ml,"국내산 멥쌀, 국내산 찹쌀, 곡자, 정제수",제이케이크래프트
기다림 25,8,750ml,"국내산 백미, 국내산 찹쌀, 곡자, 정제수",제이케이크래프트
기다림 16,9,750ml,"국내산 찹쌀, 국내산 흑미, 곡자, 정제수",제이케이크래프트
기다림 맑은술,15,500ml,"국내산 멥쌀, 국내산 찹쌀, 곡자, 정제수",제이케이크래프트
동래아들,6,750ml,"정제수, 찹쌀, 맵쌀, 밀누룩",제이케이크래프트
제주술익는집 고소리술,40,400ml,"잡곡, 누룩, 정제수",제주고소리술익는집
오메기 맑은술,16,500ml,"좁쌀, 햅쌀, 정제수, 누룩",제주고소리술익는집
패치배치 만다린,8,600ml,"멥쌀, 감귤, 감귤과피, 당유자과피, 귤꽃",제주곶밭
"동백꽃, 제주",16,365ml,"동백꽃잎, 정제수, 포도당 효모",제주본초협동조합 왕지케양조장
세우리,45,700ml,"산양삼, 하수오, 구기자, 쌀",제주샘주
고소리술,"29, 40","29,40-375ml, 40-500ml","백미, 차조, 입국, 누룩, 효모(팽창제), 정제효소, 스테비올배당체(감미료), 정제수",제주샘주
오메기술,13,375ml,"쌀, 차조, 입국, 누룩, 효모, 효소, 청호, 조릿대, 감초, 정제수",제주샘주
니모메,11,375ml,"백미, 누룩, 감귤 진피, 효모",제주샘주
고소리술,40,375ml,"쌀, 차조, 입국, 누룩, 효모, 효소, 정제수, 스테비올 배당체",제주샘주
제주감귤주 귤로만,7,750ml,감귤원액(제주),제주와이너리
제주몬순커피주,11,200ml,"정제수, 설탕, 커피생두, 효모",제주커피수목원
커피와인 톡시,11,200ml,커피생두 발효액,제주커피수목원
커피냑,40,200ml,"커피생두, 백설탕, 효모, 정제수, 클로로겐산",제주커피수목원
의림소주,40,700ml,국내산 쌀,제천한약(영)
한비 유자술,35,750ml,"쌀(국내산), 유자(국내산)",제천한약(영)
한비 무병장수술,35,"375ml, 750ml","국내산쌀, 흑삼, 인삼, 오가피, 오미자, 구기자, 복분자, 차전자, 토사자, 산수유",제천한약(영)
한비 동충하초술,35,"375ml, 750ml","국내산 쌀, 누룩, 가시오가피 뿌리, 동충하초, 정제수",제천한약(영)
한비오가피술골드,35,500ml,"국내산 쌀, 국내산 오가피",제천한약(영)
한비 오가피술,35,"375ml, 750ml","국내산 쌀, 누룩, 가시오가피 뿌리, 정제수",제천한약영농조합법인
한비 쌀소주,40,"375ml, 750ml","국내산 쌀, 누룩, 정제수",제천한약영농조합법인
젤코바 스페셜와인,11.5,"375ml, 500ml, 750ml","국내산 산머루, MBA포도",젤코바와이너리
젤코바 프리미엄 와인,12,"500ml, 750ml","국내산 산머루, MBA포도",젤코바와이너리
젤코바 캠벨와인,13.5,750ml,"유기농 캠벨포도, 유기농 설탕",젤코바와이너리
홍시와인,10.5,375ml,"감열매(국내산), 효모, 메타중아황산칼륨, 이산화황",젤코바와이너리
우도땅콩전통주,6,750ml,"쌀, 우도땅콩",조은술 세종
세종청주생막걸리,6,"750ml, 1200ml","쌀, 소맥분",조은술 세종
세종 알밤주,6,750ml,"정제수, 백미, 소맥분, 알밤(국내산), 전분당, 효모, 젖산",조은술 세종
생 청주 막걸리,6,750ml,"쌀, 소맥분, 국, 조제종국, 효모, 물엿 등",조은술 세종
우도 땅콩 전통주,6,750ml,"정제수, 전분당, 백미, 국, 땅콩분, 효모, 젖산 등",조은술 세종
바나나 주,4,750ml,"쌀, 국, 정제수, 바나나 농축액, 조제종국, 효모, 물엿",조은술 세종
괴산 세종 찰옥수수 전통주,6,750ml,"정제수, 백미, 국, 옥수수분, 전분당, 조제종국, 효모, 조효소제, 치자색소,젖산, 아스파탐, 아세설팜칼륨,허브후레바E, 누룽지향, 구연산",조은술 세종
아이엠더문,17,"375ml, 750ml","쌀증류식소주원액(유기농쌀100%), 주정, 정제수, 과실농축액(국내산-사과,포도,딸기,오렌지,망고) 등",조은술 세종
이도 22,22,375ml,쌀(국내산),조은술 세종
세종 오가닉,13,375ml,"정제수, 유기농 백미, 국, 효모, 정제효소, 구연산",조은술 세종
유기농이도 14,14,750ml,"물, 유기농쌀(국내산),국[유기농쌀(국내산)], 우리밀누룩(국내산)",조은술 세종
세종 쌀막걸리,6,"750ml, 1200ml, 1700ml",국내산 쌀,조은술 세종
유기농 이도 42,42,"375ml, 750ml","유기농쌀 (100%), 정제수, 증류원액, 국, 조제종국, 효모 등",조은술 세종
유기농 이도 32,32,375ml,"물, 증류원액(유기농 쌀, 국내산)",조은술 세종
미나리싱싱주,14.5,300ml,"쌀(유기농,국내산), 찹쌀(유기농, 국내산), 미나리(친환경, 국내산), 국(유기농쌀,국내산), 종국, 효모, 과당, 아스파탐",조은술 세종
술그리다 생탁주,10,500ml,"국내산쌀, 누룩",좋은술
천비향 오양주 탁주,14,500ml,"국내산쌀, 누룩",좋은술
술예쁘다 생탁주,13,500ml,"국내산 쌀, 누룩",좋은술
천비향 화주,40,375ml,"국내산 쌀, 누룩",좋은술
천비향 오양주 약주,16,500ml,"국내산 쌀, 누룩",좋은술
1932 새싹땅콩+햅쌀/흑미,6,"500ml, 900ml","새싹땅콩+고시히카리 쌀, 새싹땅콩+진도산 흑미",㈜1932 포천일동막걸리
담은,6.5,750ml,"쌀(국내산), 입국, 효모, 고과당, 정제효소제, 정제수",㈜1932 포천일동막걸리
금산인삼백주,43,500ml,"국내산쌀 95.8%, 국내산 인삼 4.2%",㈜금산인삼주
금산인삼주 수삼 500,43,500ml,"국내산 쌀, 국내산 인삼",㈜금산인삼주
수삼단본 720,43,720ml,"국내산 쌀, 국내산 인삼",㈜금산인삼주
배꽃담은연,10,720ml,"쌀 26.1%, 효모 0.07%, 젖산 0.05%, 정제수 72.31%",㈜농업회사법인 술 빚는 전가네
산정호수 동정춘막걸리,6,720ml,"국내산 쌀, 누룩, 정제수",㈜농업회사법인 술 빚는 전가네
동백우리쌀생막걸리,6,750ml,"정제수, 쌀 소맥분 물엿, 곡자, 효모, 조제종국, 정제효소, 아스파탐,아세설팜칼륨",㈜동백양조
두레앙목통숙성주,35,500ml,목통숙성주원액,㈜두레양조
두레앙22,22,375ml,"포도, 메타중아황산칼륨, 효모, 설탕, 정제수",㈜두레양조
두레앙 일반증류주,35,750ml,국내산 포도,㈜두레양조
두레앙와인,12,750ml,거봉포도,㈜두레양조
아우내,20,360ml,"포도주 증류원액, 주정",㈜두레양조
쑥크레,10,375ml,"쌀, 누룩, 쑥, 물",주방장양조장
도래하,19,350ml,"정제수, 주정, 쌀소주원액(정제수, 쌀(국내산), 국, 효모, 젖산), 합성함료(진향, 감초향), 구연산, 천연향료(고수향), 아스파탐(감미료, 페닐알라닌 함유)",㈜배혜정농업회사법인
백제한산군주,25,250ml,"찹쌀, 물, 멥쌀, 주정, 효모, 홍고추, 구절초, 과당, 소금, 스테비아",㈜백제명가주조
부자진 오미자 진,44,375ml,"솔잎, 쑥, 헛개, 한라봉, 오미자 등",㈜부자진농업회사법인
부자진 배치#0001,44,375ml,"캐모마일, 라벤더, 레몬 베버나, 노간주나무 열매, 한라봉, 헛개나무, 솔잎,쑥",㈜부자진농업회사법인
사임주,16,500ml,"국내산 찹쌀, 국내산 멥쌀",㈜사리원
삼해소주,45,400ml,"멥쌀, 찹쌀, 누룩",㈜삼해소주
선운산 복분자주 프리미엄,19,700ml,"복분자(고창산), 과당, 구연산, 아스파탐, 무수아황산",㈜선운산복분자주 흥진
선운산 복분자주,16,375ml,"복분자(고창산), 과당, 구연산, 아스파탐, 무수아황산",㈜선운산복분자주 흥진
선운산 복분자와인,13,300ml,"복분자(고창산), 구연산, 과당, 아스파탐, 주정, 정제수",㈜선운산복분자주 흥진
샹스프랑보아즈,13,500ml,"복분자(고창산), 구연산, 과당, 구연산, 아스파탐, 주정, 정제수",㈜선운산복분자주 흥진
미담,6,750ml,국내산 쌀,㈜성광주조
수성 프리미엄 백주43,43,500ml,"수수, 정제수",㈜수성주류
혼디주,12,330ml,"제주산감귤, 백설탕, 구연산, 무수아황산",㈜시트러스
한청,15,300ml,"정제수, 철원오대미, 정제효소제, 효모, 정제주정, 기타과당, 젖산",주식회사 초가
고향생막걸리,6,750ml,국내산 쌀,㈜찬우물
고향인삼막걸리,6,750ml,"국내산쌀90%, 국내산인삼10%",㈜찬우물
SSOA-포도,5,355ml,국내산 포도,㈜포천조술당
고리진,47,500ml,"노간주열매, 유자, 복분자, 오미자, 구기자, 인삼, 우엉, 생강, 감초, 산초",㈜하우스오브헤리티지
금과 명주,40,750ml,"사과증류주, 고과당, 사과향, 카라멜",㈜한국애플리즈
애피소드호프,3.5,500ml,"사과과즙, 보리, 쌀, 홉",㈜한국애플리즈
The 찾을수록,14~16,360ml,"사과와인, 정제수, 정제주정 외 제품별 농축액 (복숭아, 포도, 사과, 감귤, 생강, 커피향 등)",㈜한국애플리즈
애피소드 상그리아,3.5,500ml,"포도와인, 정제주정, 정제수, 포도농축액, 고과당",㈜한국애플리즈
애피소드 애플,3.5,500ml,사과,㈜한국애플리즈
한스오차드 사과와인,11,750ml,사과,㈜한국애플리즈
프리미엄 애플와인 한스오차드,11,750ml,국내산 사과,㈜한국애플리즈
"화요 41%, 25%, 17%","41, 25, 17","375ml, 500ml, 750ml",국내산 쌀,㈜화요
죽향41,41,375ml,"정제수, 쌀(국내산), 벌꿀, 조제종국, 정제효소, 젖산",죽향도가
대대포9,9,600ml,"정제수, 쌀, 정제효소, 젖산, 종국, 효모, 물엿, 은행나무견과, 우유함유",죽향도가
청명주,17,500ml,국내산 쌀,중원당
청명주 750,17,750ml,"찹쌀,누룩,소맥분",중원당
호호막걸리,9,375ml,"정제수, 찹쌀(국내산), 멥쌀(국내산), 단호박(국내산), 누룩(국내산), 밀함유",중원당
보은주,10,375ml,"찹쌀(국내산), 멥쌀(국내산), 누룩(국내산)",중원당
선희주,12,375ml,"찹쌀(국내산), 멥쌀(국내산), 누룩(국내산), 정제수, 밀함유",중원당
지리산 정담 생쌀 막걸리,6,750ml,"쌀(국내산), 종국, 정제수, 누룩, 효모",지리산 운봉주조
지리산 허브잎술 쌀 막걸리,6,750ml,"쌀(국내산), 입국, 정제수, 효모, 곡자, 국내산허브(로즈마리, 라벤다잎줄기추출액, 울금) 등",지리산 운봉주조
야관문 쌀 막걸리,6,750ml,"팽화미, 입국, 효모, 곡자(밀), 정제수, 야관문잎 줄기 추출액 등",지리산 운봉주조
지평 이랑이랑,5,750ml,"정제수, 쌀, 자일리톨, 국, 효모, 레몬농축액, 허브류",지평주조
지평 생 옛막걸리,5,"1,700ml","밀, 정제수, 국, 분말종국, 효모, 정제효소 등",지평주조
지평 생 쌀막걸리,5,"700ml, 1,700ml","쌀(국내산), 정제수, 국, 효모, 정제효소 등",지평주조
예천주복 만월40,40,350ml,"복분자증류원액, 복분자과즙, 정제수",착한농부
막시모 40,40,500ml,"국내산 오미자 증류원액, 국내산 오미자 원액, 정제수",착한농부
참주가 동해밤바다,17.2,360ml,"증류원액[쌀(국내산), 입국(국내산), 효모], 정제수, 주정, 매실(국내산), 과당, 효소처리스테비아, 에리스라톨, L-아스파라간산(영양강화제)",참주가
참주가 청화랑,17,360ml,"증류원액[쌀(국내산), 블루베리(국내산), 입국(국내산), 효모], 정제수, 주정, 과당, 효소처리스테비아, 에리스리톨, L-아스파라간산(영양강화제)",참주가
참주가 서해밤바다,17.1,360ml,"증류원액[쌀(국내산), 입국(국내산), 효모], 정제수, 주정, 매실(국내산), 과당, 효소처리스테비아, 에리스라톨, L-아스파라간산(영양강화제)",참주가
감그린 아이스와인,10,375ml,감(국내산),청도감와인
감그린 스페셜,12,750ml,감(국내산),청도감와인
감그린 레귤러,12,750ml,감(국내산),청도감와인
편백숲 산소막걸리 스파클링,6.8,940ml,"찹쌀, 맵쌀, 누룩",청산녹수
편백숲 산소막걸리 딸기 스파클링,6.8,940ml,"찹쌀, 멥쌀, 누룩, 딸기, 올리고당",청산녹수
편백숲 산소막걸리 순수령 8%,8,750ml,"찹쌀, 맵쌀, 누룩",청산녹수
편백숲 산소막걸리 순수령,5.8,750ml,"찹쌀, 맵쌀, 누룩",청산녹수
편백숲 산소막걸리,5.2,750ml,"쌀, 사과농축액,누룩,올리고당,아스파탐",청산녹수
생탁주,6,750ml,"쌀, 올리고당, 사과농축액, 아스파탐, 효모, 정제수",청산녹수
꿀막걸리,8,750ml,"쌀(국내산), 벌꿀(국내산), 사과농축액, 효모, 정제효소",청산녹수
사미인주,8,750ml,"유기농 햅쌀, 벌꿀",청산녹수
G12 골디락스,12,500ml,"정제수, 멥쌀(국내산), 찹쌀(국내산), 누룩, 종국, 효모, 밀함유",청산녹수
52C,17.5,500ml,"정제수, 주정, 증류식소주원액, 오이",청산녹수
주산지 막걸리,6,750ml,"쌀(국내산), 밀가루, 누룩, 입국, 효모, 고과당, 물엿, 아스파탐, 삭카린나트륨, 정제수",청송양조장
청양둔송구기주,16,700ml,"쌀, 누룩, 구기자, 감초, 두충껍질",청양둔송구기주
유자향주,6,750ml,"쌀(국내산), 유자(고흥산), 아스파탐",청정영농조합법인
미인약주,15,500ml,"찹쌀, 누룩, 정제수",최행숙전통주가
아황주,17,500ml,"찹쌀, 멥쌀, 누룩, 정제수",최행숙전통주가
미인탁주,10,500ml,"찹쌀, 누룩, 정제수",최행숙전통주가
대통대잎술,15,700ml,"쌀, 누룩, 갈근, 구기자, 솔잎, 진피 등",추성고을
르깔롱,16,500ml,"정제수, 주정, 고과당, 죽력, 메론후레바, 레이지라임, 코코넛향, 윌튼스카이아이싱칼라",추성고을
티나(TINA),16,750ml,딸기(국내산),추성고을
추성주,25,350ml,"국내산 쌀, 국내산 한약재",추성고을
타미앙스,40,400ml,"국내산 쌀, 국내산 한약재",추성고을
대통주,11,360ml,"국내산 쌀, 국내산 매실농축액, 국내산 대나무잎",추성고을
담양 죽력고,25,350ml,"정제수, 국내산 쌀, 누룩, 죽력, 계피, 석창포, 생강, 효모",추성고을
대잎술,12,300ml,"쌀, 누룩, 댓잎, 솔잎, 진피, 갈근, 오미자, 구기자, 죽력 등",추성고을
순향주,15,375ml,"쌀, 누룩, 정제수",추연당
백년향,10,500ml,"쌀,누룩,정제수",추연당
소여강,42,375ml,"쌀(경기미), 누룩(국내산), 물(정제수)",추연당
소여강 25%,25,375ml,"쌀증류주원액(국내 여주쌀), 정제수",추연당
석탄주 탁주,15,500ml,"국내산 찹쌀, 누룩, 정제수",케이소주
방문주 탁주,15,500ml,"국내산 찹쌀, 누룩, 정제수",케이소주
방문주 약주,15,500ml,"국내산 찹쌀, 누룩, 정제수",케이소주
두리향,43,500ml,"국내산 찹쌀, 누룩, 정제수",케이소주
석탄주 약주,15,500ml,"국내산 찹쌀, 누룩, 정제수",케이소주(전주가양주연구소)
"코이버펑크, 머스캣 베일리 에이 2017",12.5,750ml,머스캣 벨일리 베이 포도품종 100% (경북 영천),코이버펑크
"코이버펑크, 카베르네 소비뇽 2019",12.5,750ml,카베르네 소비뇽 포도품종 100% (경북 영천),코이버펑크
"코이버펑크, 샤르도네 세미용 2018",11.5,750ml,"샤르도네 포도품종, 세미용 포도품종, 실바너 포도품종",코이버펑크
탁112클래식,12,750ml,"정제수, 찹쌀, 국, 효모, 밀함유",탁브루
송명섭 막걸리,6,500ml,"국내산쌀, 곡자, 정제수",태인합동주조장
죽력고,32,700ml,"국내산쌀, 죽력, 누룩, 정제수",태인합동주조장
손가네 태종대 개똥쑥생막걸리,6,750ml,"정제수, 쌀, 태종대개똥쑥추출물, 입국, 누룩, 정제효소, 이소말토올리고당, 구연산, 아스파탐, 효모",태종대양조
라이코펜 토마토와인,12,"350ml, 500ml",국내산 토마토,토마토와인주식회사
녹고의 눈물,16,500ml,섬오가피,토향
팔팔막걸리,6,750ml,"정제수, 쌀(김포산, 김포금쌀), 국, 산도조절제, 효모, 밀함유",팔팔양조장
풍정사계 추(秋),12,500ml,풍정사계 추(秋),풍정사계
풍정사계 춘(春),15,500ml,"찹쌀, 향온곡",풍정사계
풍정사계 동(冬),"25, 42",375ml,"찹쌀, 향온곡",풍정사계
매아랑,10.7,750ml,국내산 매실,하동매실 영농조합법인
산머루와인 달콤한 스위트,10.5,750ml,산머루,하미앙 와인밸리
산머루와인 깊은맛 드라이,12,750ml,산머루,하미앙 와인밸리
오크와인,12,750ml,산머루,하미앙 와인밸리
2018년산 하미앙 오크와인,12,750ml,국내산 산머루,하미앙 와인밸리
2016년산 하미앙 드라이,12,"375ml, 750ml",국내산 산머루,하미앙 와인밸리
2016년산 하미앙 스위트,10.5,"375ml, 750ml",국내산 산머루,하미앙 와인밸리
하향주,17,750ml,찹쌀,하향주가
나루 생 막걸리 6도,6,935ml,"정제수, 쌀(국내산), 국, 효모(밀함유)",한강주조
나루 생 막걸리 11.5도,11.5,500ml,"정제수, 쌀(국내산), 국, 효모(밀함유)",한강주조
김수한무,39,375ml,"수수(국내산), 누룩(국내산), 효모(국내산), 정제수",한국고량주 농업회사법인
계룡산 산삼주 금수강산 21%,21,740ml,"산양산삼, 정제수, 주정",한국산삼
계룡산 산삼주 금수강산 40%,40,740ml,"산양산삼, 정제수, 주정",한국산삼
헤베,9,330ml,사과와인(사과과즙 100%),한국애플리즈
스타베리오디,12,500ml,양조용포도(영천),한국와인
뱅꼬레 아이스와인,12,375ml,양조용포도(영천),한국와인
뱅꼬레 로제와인,11.5,375ml,양조용포도(영천),한국와인
뱅꼬레 레드와인,12,375ml,양조용포도(영천),한국와인
뱅꼬레 화이트와인,11,375ml,양조용포도(경북 영천),한국와인
뱅꼬레 더감,12,750ml/375ml,"감, 효모",한국와인
불소곡주,43,700ml,"찹쌀, 국내산 멥쌀",한산소곡주
한산소곡주,18,"700ml, 1800ml","찹쌀, 국내산 멥쌀",한산소곡주
일오백화이트,18,700ml,"찹쌀(국내산), 백미(국내산), 누룩(밀:국내산), 정제수, 야국, 메주콩, 생강, 홍고추",한산소곡주
일오백골드,43,700ml,"찹쌀(국내산), 백미(국내산), 누룩(밀:국내산), 정제수, 꿀, 들국화, 생지황, 메주콩, 홍고추",한산소곡주
불소주,41,500ml,"멥쌀(국내산), 찹쌀(국내산), 누룩(국내산 밀함유), 효모, 정제수",한산소곡주
백송,16,500ml,"멥쌀(국내산), 찹쌀(국내산), 누룩(국내산 밀함유), 효모, 정제수",한산소곡주
일오백블루,43,700ml,"찹쌀(국내산), 백미(국내산), 누룩(밀:국내산), 정제수, 꿀, 들국화, 생지황, 메주콩, 생강, 홍고추",한산소곡주
한산소곡주 생주,16,"750ml, 1.5L, 1.8L","멥쌀(국내산), 찹쌀(국내산), 누룩(국내산 밀함유), 효모, 정제수",한산소곡주
예담은 한산소곡주,16,750ml,"찹쌀, 멥쌀, 누룩, 대두, 구절초",한산예담은소곡주
한산예담은 한산소곡화주,41,500ml,"찹쌀, 멥쌀, 누룩, 대두, 구절초",한산예담은소곡주
아홉쌀,9,500ml,"정제수, 멥쌀(국내산), 국, 효모",한아양조
일곱쌀,7,500ml,"정제수, 멥쌀(국내산), 국, 효모",한아양조
열두쌀,12,500ml,"정제수, 멥쌀(국내산), 국, 효모",한아양조
한영석 하향주,13.8,375ml,"찹쌀, 정제수, 한영석 누룩(향미주국)",한영석의발효연구소
안성맞춤 생막걸리,6,1000ml,"국내산 쌀, 누룩, 효모, 젖산, 정제효소, 정제수",한주양조
한주,35,"360ml, 500ml","국내산 쌀, 밀누룩, 정제수",한주양조
백구막걸리,8,330ml,"쌀. 설향곡(누룩), 시나몬(스리랑카), 벌꿀, 둥글레, 감초",한통술양조장
연꽃담은술,8,850ml,"둥굴레(국내산),개똥쑥(국내산),감초(국내산),향온곡누룩(녹두,보리,밀(국내산)), 사카린나트륨제제(포도당(70%),사카린나트륨(30%)(감미료))",한통술이노베이션주식회사
천지향 증류주,40,500ml,국내산 복분자,함평천지복분자(영)
해남진양주,16,375ml,국내산 찹쌀(해남),해남진양주
세인트하우스 모과와인,12,500ml,모과 80%,해미읍성딸기와인
세인트하우스 살구와인,12,500ml,살구 80%,해미읍성딸기와인
해창 막걸리 9도,9,900ml,"햅쌀, 찹쌀, 물, 누룩",해창주조장
냥이탁주 9도,9,"350ml, 500ml","정제수, 쌀(국내산), 찰보리(국내산), 찰수수(국내산), 벌꿀(국내산), 오미자(국내산), 송순(국내산), 누룩, 개량누룩, 밀함유",행주산성주가
냥이탁주 fresh,5,350ml,"정제수, 쌀(국내산), 찰보리(국내산), 찰수수(국내산), 벌꿀(국내산), 오미자(국내산), 송순(국내산), 누룩, 개량누룩, 밀함유",행주산성주가
대관령 복분자주,16,400ml,국내산 복분자,홍지원
화백,25,500ml,"멥쌀(국내산), 찹쌀(국내산), 누룩(국내산 밀함유), 효모, 정제수",화백
산천어막걸리,6,750ml,"정제수,팽화미(쌀/외국산),입국(쌀),국(밀),설탕,정제효소제, 효모,아스파탐(감미료,페닐알라닌 함유)",화천주가
황금보리 증류주 17,17,375ml,"보리(국내산) 39.9%, 누룩(국내산)3.3%, 효소(액화효소), 효모(향미증진제), 정제수, 과당, 구연산(산도조절제)",황금보리(유)농업회사법인
황금보리 증류주 25,25,375ml,"정제수, 보리(국내산) 40.05%, 누룩, 효소(액화효소), 효모, 과당, 구연산(산도조절제)",황금보리(유)농업회사법인
황금보리 증류주 40,40,375ml,"보리(국내산) 40.27%, 누룩, 효소(액화효소), 효모(향미증진제), 정제수, 과당, 구연산(산도조절제)",황금보리(유)농업회사법인
